Costal,Blue,Green,Red,NIR,SWIR1,SWIR2,Longitude,Latitude,Target,Prediction
10973.0,9971.0,8968.0,8055.0,15020.0,9644.0,7596.0,-76.40436584711745,3.060522003482076,cana,coca
9901.0,8926.0,8244.0,7392.0,18891.0,12651.0,8294.0,-76.44121742433954,3.2632884669610664,cana,coca
11405.0,10415.0,9413.0,8441.0,15668.0,9893.0,7776.0,-76.40342330422412,3.0621512241410396,cana,coca
9774.0,8786.0,8441.0,6969.0,21623.0,12344.0,7751.0,-76.4143383614141,3.249896066235778,cana,coca
9934.0,8972.0,8653.0,7600.0,17943.0,14229.0,9529.0,-76.39037621084537,3.0955420922445027,cana,coca
11970.0,11087.0,10470.0,9756.0,19715.0,14928.0,10738.0,-76.54865735278315,3.083112625487503,cana,coca
9600.0,8609.0,7756.0,6749.0,13668.0,9074.0,6559.0,-76.39264194064712,3.275160082323785,cana,coca
9907.0,8949.0,8962.0,7687.0,23330.0,15710.0,8996.0,-76.44552405650612,3.254464221631991,cana,coca
10054.0,9096.0,8217.0,7422.0,15160.0,12156.0,8599.0,-76.42098541044855,3.1763569817232358,cana,coca
9888.0,8911.0,8152.0,7367.0,15746.0,11133.0,7744.0,-76.44020109864285,3.212687826233977,cana,coca
14048.0,13132.0,12519.0,11665.0,19895.0,12596.0,10002.0,-76.42245448875882,3.064432303242898,cana,coca
10014.0,9061.0,8249.0,7428.0,18824.0,13589.0,8937.0,-76.36242660117372,3.189324596237749,cana,coca
17310.0,16307.0,16318.0,15905.0,20065.0,13278.0,11809.0,-76.51816326140398,3.0858699235206104,cana,coca
9912.0,8991.0,8749.0,7198.0,22830.0,14042.0,8332.0,-76.45072502157554,3.2100952910441114,cana,coca
9927.0,8993.0,8302.0,7431.0,18146.0,13705.0,8940.0,-76.42449636929048,3.177708760559864,cana,coca
14373.0,13511.0,12728.0,12107.0,19760.0,12898.0,10126.0,-76.41988630603196,3.0613154529403457,cana,coca
10268.0,9404.0,8831.0,7584.0,17749.0,14729.0,9840.0,-76.45167343847591,3.212671513941983,cana,coca
15662.0,14897.0,14340.0,14131.0,20911.0,16176.0,12521.0,-76.42743779779052,3.0569641398345726,cana,coca
13623.0,12736.0,12070.0,11288.0,19005.0,12762.0,9857.0,-76.4185398323665,3.063623535026865,cana,coca
14661.0,13549.0,13839.0,13340.0,21250.0,13546.0,10769.0,-76.41789374101266,3.085330665527921,cana,coca
15179.0,14357.0,13320.0,12924.0,18704.0,11928.0,10015.0,-76.50371349658113,3.078564963987105,cana,coca
10638.0,9752.0,9101.0,8169.0,19311.0,13080.0,8470.0,-76.31491755116,3.1902007014652876,cana,coca
16279.0,15529.0,14409.0,14319.0,19170.0,12485.0,10668.0,-76.5342132598485,3.0797422140488893,cana,coca
9928.0,8917.0,8309.0,7129.0,19716.0,10811.0,7117.0,-76.43692988735873,3.189765447105354,cana,coca
10036.0,9084.0,8495.0,7792.0,17021.0,13651.0,9257.0,-76.39509967370898,3.1970135373382083,cana,coca
9848.0,8791.0,8013.0,7203.0,17252.0,11026.0,7896.0,-76.45235307707556,3.216062088703948,cana,coca
9931.0,9012.0,8390.0,7368.0,15692.0,13477.0,9206.0,-76.39881822667877,3.15196765325338,cana,coca
9975.0,8972.0,8508.0,7607.0,21502.0,14889.0,9869.0,-76.42790325975528,3.2014451162107482,cana,coca
12776.0,11926.0,10792.0,9754.0,24174.0,9604.0,5407.0,-76.29560578260947,3.1818137267523787,cana,coca
9553.0,8516.0,7978.0,6973.0,15764.0,11237.0,7777.0,-76.35657067244462,3.251875018381476,cana,coca
9906.0,9039.0,8117.0,7552.0,18517.0,13862.0,8845.0,-76.42189185117998,3.2462224959528725,cana,coca
9916.0,8944.0,8159.0,7208.0,18736.0,11036.0,6813.0,-76.39558579312619,3.156991626879822,cana,coca
10153.0,9196.0,8540.0,7992.0,15831.0,13119.0,8959.0,-76.45488185226726,3.190825397231571,cana,coca
9968.0,8945.0,8372.0,7130.0,19899.0,10960.0,7351.0,-76.3587580644395,3.1707430442937707,cana,coca
9948.0,8924.0,8385.0,7341.0,19795.0,12272.0,8109.0,-76.42252722803148,3.2178679190954984,cana,coca
9817.0,8807.0,7725.0,6898.0,11347.0,7416.0,5747.0,-76.35782515889308,3.179833989757865,cana,coca
17097.0,16427.0,14994.0,14930.0,19345.0,12417.0,11028.0,-76.51276725562188,3.087234233098688,cana,coca
9935.0,8884.0,8501.0,7669.0,15946.0,10576.0,7122.0,-76.38916410620023,3.199327937901677,cana,coca
9855.0,8848.0,8086.0,7227.0,13591.0,8993.0,6457.0,-76.4113637763824,3.1474737203631644,cana,coca
10429.0,9593.0,8948.0,8680.0,16172.0,17249.0,11661.0,-76.39728866329371,3.2187169574473344,cana,coca
10649.0,9075.0,9322.0,7316.0,21300.0,11039.0,9131.0,-76.43475979935032,3.27822064039726,cana,coca
10154.0,9231.0,8677.0,7482.0,17323.0,12593.0,8427.0,-76.45059714043468,3.2151149642616934,cana,coca
10693.0,9927.0,8916.0,8435.0,20708.0,14988.0,9259.0,-76.32687192943553,3.144464783849804,cana,coca
13302.0,12495.0,11083.0,9946.0,21541.0,11007.0,8042.0,-76.4187813702188,3.143529352163402,cana,coca
9836.0,8930.0,8352.0,7413.0,21214.0,13834.0,8426.0,-76.36392937277058,3.203024963583848,cana,coca
12741.0,11968.0,11381.0,10460.0,22485.0,15709.0,10540.0,-76.36839646103057,3.10981585608035,cana,coca
13402.0,12532.0,11735.0,11048.0,21854.0,12698.0,9465.0,-76.42230951902854,3.05683531448974,cana,coca
12363.0,11539.0,10928.0,10112.0,20213.0,14001.0,9760.0,-76.38482679694484,3.0830681104176105,cana,coca
10049.0,9103.0,8499.0,7500.0,16104.0,13078.0,9043.0,-76.44270560889707,3.070781234942861,cana,coca
11560.0,10498.0,10259.0,8965.0,20892.0,11791.0,8455.0,-76.36165629428847,3.1159296448866756,cana,coca
9577.0,8636.0,7498.0,7415.0,14917.0,17365.0,11694.0,-76.31249509357994,3.1957662730970466,cana,coca
10906.0,9987.0,9046.0,8150.0,15402.0,10566.0,7933.0,-76.40868004566725,3.0572603635006774,cana,coca
11110.0,10107.0,9520.0,8708.0,20643.0,12734.0,8384.0,-76.35403399306574,3.1706135957090535,cana,coca
14011.0,13152.0,12334.0,11578.0,20858.0,12158.0,9488.0,-76.53411888618699,3.107959017151398,cana,coca
9754.0,8695.0,8292.0,7089.0,19603.0,11576.0,7356.0,-76.48444080992915,3.192003906942151,cana,coca
9791.0,8779.0,8188.0,7172.0,16479.0,13097.0,8503.0,-76.45142166921114,3.3193019957749335,cana,coca
10006.0,9043.0,8498.0,7887.0,17248.0,13191.0,8631.0,-76.3947046723945,3.2043399992151014,cana,coca
9931.0,8960.0,8072.0,7226.0,14932.0,10104.0,7202.0,-76.40543927769102,3.055772316857935,cana,coca
10378.0,9435.0,8919.0,8003.0,18871.0,12639.0,8283.0,-76.32551148469261,3.1359193560033654,cana,coca
12377.0,11436.0,10832.0,10100.0,19190.0,12717.0,9507.0,-76.37675201409921,3.100579616247099,cana,coca
10130.0,9246.0,8592.0,7930.0,16389.0,13578.0,9002.0,-76.46662053442397,3.188502412291991,cana,coca
10201.0,9179.0,8815.0,7474.0,21950.0,12098.0,7797.0,-76.39896535012377,3.161057016265537,cana,coca
13863.0,12994.0,12548.0,12056.0,18689.0,15673.0,11747.0,-76.47249932799988,3.0486276717268868,cana,coca
9618.0,8606.0,8247.0,7400.0,19493.0,15029.0,9762.0,-76.35379710988565,3.0912482835683046,cana,coca
17458.0,16663.0,15971.0,15666.0,20607.0,13223.0,11611.0,-76.50979781283792,3.0868314987669616,cana,coca
12818.0,11829.0,10946.0,10628.0,13016.0,11759.0,9528.0,-76.4816587855359,3.0362699436608005,cana,coca
15406.0,14577.0,13814.0,13432.0,19932.0,13285.0,10974.0,-76.59390367544087,3.0186102103648116,cana,coca
10174.0,9246.0,8437.0,7489.0,18848.0,12251.0,8246.0,-76.39829379755338,3.163499897312696,cana,coca
9809.0,8828.0,8555.0,6974.0,21338.0,12169.0,7588.0,-76.43013252999695,3.154095529826141,cana,coca
9865.0,8820.0,7992.0,6888.0,15358.0,8227.0,6024.0,-76.48794400984696,3.187929028764079,cana,coca
10031.0,9131.0,8350.0,7919.0,14615.0,13259.0,8862.0,-76.39976518129332,3.0510314765908526,cana,coca
13457.0,12548.0,11013.0,9987.0,20007.0,10603.0,7982.0,-76.37499598207428,3.2021961072355727,cana,coca
9998.0,9026.0,8322.0,7412.0,19251.0,13335.0,8935.0,-76.40703280226586,3.1383900682005335,cana,coca
9989.0,8963.0,8277.0,7373.0,19385.0,11929.0,8196.0,-76.40524681664445,3.214907362757702,cana,coca
10770.0,9818.0,8711.0,8007.0,13813.0,9803.0,7804.0,-76.46055537081757,3.194344515066826,cana,coca
9028.0,7939.0,6586.0,5670.0,7778.0,4825.0,4787.0,-76.34811315175108,3.1843238207959095,cana,coca
9402.0,8385.0,7872.0,6984.0,17203.0,11809.0,7625.0,-76.26587102026816,3.258369977872315,cana,coca
10156.0,9174.0,8617.0,8036.0,14999.0,13391.0,9055.0,-76.44554125767436,3.170760607286968,cana,coca
8954.0,8035.0,7173.0,6390.0,11774.0,14658.0,10596.0,-76.32083270914568,3.1716063771903817,cana,coca
9914.0,8937.0,8212.0,7331.0,11415.0,9540.0,7035.0,-76.35527173284194,3.1882487473730134,cana,coca
10160.0,8971.0,8277.0,7484.0,10487.0,9604.0,7771.0,-76.34865109315186,3.182830767011574,cana,coca
9986.0,9021.0,8214.0,7335.0,14441.0,9424.0,6584.0,-76.3864320081217,3.17491181690901,cana,coca
10115.0,9229.0,8780.0,8094.0,18464.0,16051.0,10183.0,-76.37456599471317,3.1833390559340673,cana,coca
20508.0,21203.0,23078.0,24049.0,24740.0,20643.0,18523.0,-76.31311463503584,3.1519441094243392,cana,nubes
12524.0,11657.0,11042.0,10069.0,21334.0,13764.0,9736.0,-76.36853387047607,3.111715014396481,cana,coca
10037.0,9106.0,8406.0,7881.0,18540.0,14324.0,9454.0,-76.42293044688643,3.216646382121693,cana,coca
9669.0,8584.0,7773.0,6977.0,12024.0,8275.0,6565.0,-76.3778436398317,3.2120958970235702,cana,coca
9917.0,8845.0,8103.0,7043.0,17117.0,10863.0,7663.0,-76.47891234019177,3.195539077003496,cana,coca
9778.0,8802.0,8106.0,7291.0,18215.0,12742.0,7982.0,-76.46610147494133,3.203154545728753,cana,coca
10000.0,8878.0,8412.0,7769.0,17635.0,9631.0,5961.0,-76.40367709232358,3.1520967489888734,cana,coca
9731.0,8584.0,7995.0,6379.0,15657.0,7655.0,6289.0,-76.31971919702104,3.1448809031716274,cana,coca
10085.0,9152.0,8809.0,8002.0,16583.0,13282.0,8586.0,-76.38794791348161,3.198244266627858,cana,coca
10180.0,9238.0,8561.0,7742.0,18870.0,14072.0,9589.0,-76.3845462614791,3.1777633394663756,cana,coca
9812.0,8758.0,8210.0,7193.0,17119.0,12237.0,8283.0,-76.49048842727323,3.1740880550710924,cana,coca
9887.0,8838.0,8297.0,7354.0,13692.0,10653.0,7631.0,-76.47573033289046,3.2352921692677215,cana,coca
10809.0,9773.0,9334.0,8290.0,19889.0,11633.0,7978.0,-76.38037605720157,3.0852445798625636,cana,coca
9157.0,8099.0,6616.0,6034.0,4390.0,5190.0,5394.0,-76.34812428243427,3.1928708843098677,cana,coca
13975.0,13178.0,12220.0,11354.0,21514.0,12724.0,9703.0,-76.42299268041994,3.06321060961599,cana,coca
15009.0,14553.0,11397.0,12536.0,13252.0,11501.0,9761.0,-76.3443264118053,3.178495059702118,cana,coca
15587.0,14863.0,13795.0,13586.0,19512.0,13937.0,11233.0,-76.4601632961597,3.106707749650326,cana,coca
9543.0,8660.0,7975.0,7475.0,19052.0,14908.0,9002.0,-76.42026931423725,3.2441898323675202,cana,coca
10252.0,9364.0,8915.0,8214.0,18271.0,15011.0,9547.0,-76.37848099536237,3.184012135851598,cana,coca
10049.0,9163.0,8735.0,7726.0,18953.0,15460.0,9990.0,-76.47434682377892,3.116319868994792,cana,coca
10020.0,9035.0,8481.0,7815.0,17985.0,11920.0,7334.0,-76.40990370107308,3.165654742780106,cana,coca
9505.0,8576.0,8052.0,7041.0,19691.0,14367.0,9077.0,-76.31248046639296,3.1842343533995847,cana,coca
9952.0,9002.0,8354.0,7431.0,17542.0,12103.0,8075.0,-76.4128692071793,3.061596096755253,cana,coca
9801.0,8795.0,8398.0,7187.0,17033.0,11255.0,7504.0,-76.41853376441182,3.0590109607012694,cana,coca
9897.0,9006.0,8356.0,7424.0,19588.0,13459.0,8457.0,-76.43263488107112,3.2070006678911733,cana,coca
14577.0,13870.0,12331.0,11918.0,17993.0,11164.0,9258.0,-76.50586733104224,3.074763460994911,cana,coca
10974.0,9941.0,9893.0,8254.0,17847.0,11890.0,8847.0,-76.40234739655023,3.065001606791423,cana,coca
9954.0,8992.0,8213.0,7206.0,19412.0,12134.0,8043.0,-76.47151622557858,3.214406582884616,cana,coca
10087.0,9192.0,8601.0,7790.0,16583.0,13582.0,9041.0,-76.40898432105125,3.1843776954348844,cana,coca
11198.0,10293.0,9592.0,8840.0,15894.0,11924.0,8589.0,-76.3646106096749,3.1043940937438737,cana,coca
10275.0,9386.0,8440.0,8422.0,4385.0,11094.0,8876.0,-76.48895095527679,3.0400583554365657,cana,coca
10088.0,9120.0,8623.0,7779.0,17534.0,12527.0,8134.0,-76.41747464115001,3.175140850457359,cana,coca
9726.0,8765.0,8157.0,8102.0,16925.0,13817.0,8543.0,-76.36410099468644,3.1278651782717093,cana,coca
10107.0,9260.0,8530.0,8055.0,16085.0,14909.0,9585.0,-76.45339094785732,3.186350675005547,cana,coca
8815.0,7701.0,6447.0,5635.0,7301.0,5488.0,5113.0,-76.34056005022433,3.1884037677244295,cana,coca
9763.0,8702.0,7982.0,7068.0,18634.0,12222.0,8064.0,-76.41731085046838,3.252062500751475,cana,coca
9889.0,8881.0,8068.0,7015.0,15575.0,9545.0,6751.0,-76.48699693183208,3.1863024862327456,cana,coca
11561.0,10638.0,9461.0,8711.0,15433.0,9989.0,7753.0,-76.40827802476883,3.059431530201395,cana,coca
9937.0,9028.0,8335.0,7509.0,15692.0,12643.0,8587.0,-76.39793936472672,3.200943943153451,cana,coca
17420.0,16428.0,16023.0,15742.0,20136.0,13244.0,11611.0,-76.5149270065449,3.0876381177707315,cana,coca
9624.0,8605.0,7712.0,6824.0,15048.0,9026.0,6240.0,-76.378921782323,3.210873440930666,cana,coca
9926.0,8964.0,8468.0,7281.0,18518.0,12294.0,7807.0,-76.42744366287157,3.161696391202702,cana,coca
9419.0,8421.0,7939.0,6632.0,15656.0,10013.0,6610.0,-76.37218991881696,3.1210712463985084,cana,coca
9975.0,9008.0,8510.0,7740.0,16892.0,14003.0,9274.0,-76.40009950216546,3.1004131826408896,cana,coca
17513.0,16617.0,16265.0,15821.0,21007.0,13220.0,11607.0,-76.5069604507164,3.0843936852343075,cana,coca
10035.0,9127.0,8167.0,7036.0,17414.0,11874.0,8287.0,-76.36633054593575,3.1815863835489337,cana,coca
9904.0,8944.0,8198.0,7110.0,18609.0,11516.0,7439.0,-76.40936732766822,3.168233100347792,cana,coca
9984.0,9064.0,8576.0,7632.0,17442.0,13885.0,8924.0,-76.47353445516133,3.1144217605350715,cana,coca
10119.0,9083.0,7646.0,6874.0,4427.0,4006.0,4868.0,-76.35910089490079,3.2260948374351974,cana,coca
10175.0,9308.0,8745.0,8600.0,16055.0,16101.0,10472.0,-76.439360033295,3.1903046853488846,cana,coca
9717.0,8751.0,8294.0,7145.0,21794.0,12796.0,7764.0,-76.37892760960042,3.215214748520267,cana,coca
9976.0,9021.0,8508.0,7647.0,16021.0,12936.0,8792.0,-76.41246186595816,3.0596973324711665,cana,coca
9833.0,8941.0,8195.0,7385.0,17605.0,12591.0,7998.0,-76.38080586497968,3.1045086329457847,cana,coca
9698.0,8687.0,8019.0,7154.0,18488.0,11540.0,7568.0,-76.45615321312704,3.3241788151189815,cana,coca
9209.0,8268.0,7541.0,6403.0,14732.0,14256.0,9709.0,-76.34741473511899,3.1661452289829564,cana,coca
13932.0,13029.0,12414.0,11732.0,17573.0,13598.0,10436.0,-76.47600496618571,3.0464522755133285,cana,coca
9989.0,9011.0,8493.0,7538.0,18430.0,12651.0,8442.0,-76.41097260090737,3.157649082984505,cana,coca
9758.0,8729.0,8434.0,6554.0,21665.0,11478.0,7116.0,-76.42352880302874,3.1610234739151157,cana,coca
10091.0,9222.0,8847.0,8116.0,20244.0,16904.0,10329.0,-76.38076932635641,3.1793964121970246,cana,coca
9886.0,8895.0,7845.0,7066.0,7117.0,6886.0,6099.0,-76.36403428385873,3.180232766090061,cana,coca
9879.0,8885.0,8181.0,7024.0,19029.0,10902.0,7325.0,-76.4900971720086,3.183584793529254,cana,coca
11757.0,10823.0,9942.0,9280.0,16716.0,11484.0,8666.0,-76.40828422703285,3.0641797895454927,cana,coca
10271.0,9385.0,8681.0,8134.0,14140.0,14972.0,10775.0,-76.39599866376328,3.162960341472209,cana,coca
9824.0,8776.0,8201.0,6917.0,19617.0,10317.0,6867.0,-76.34836653779819,3.171570703337713,cana,coca
9918.0,8920.0,8081.0,7187.0,17312.0,10260.0,6979.0,-76.48780242379306,3.1833168037332213,cana,coca
10397.0,9590.0,9355.0,8408.0,21182.0,18175.0,11105.0,-76.4307049565513,3.1778358023704225,cana,coca
9886.0,8836.0,8173.0,7028.0,17691.0,11360.0,8334.0,-76.4024137129181,3.2158609297045233,cana,coca
10128.0,9159.0,8427.0,7732.0,18626.0,14377.0,9349.0,-76.41733320685114,3.17039280569723,cana,coca
9970.0,9049.0,8269.0,7167.0,19065.0,14264.0,9585.0,-76.40244374978411,3.1381249314257875,cana,coca
15966.0,15148.0,14396.0,13919.0,18785.0,12275.0,10644.0,-76.53165587739012,3.0843582563359098,cana,coca
9485.0,8509.0,7937.0,6959.0,19723.0,12901.0,8159.0,-76.25157400038881,3.2676136818730366,cana,coca
10110.0,9187.0,8856.0,7534.0,22774.0,14128.0,8536.0,-76.56353153642878,3.103710363991287,cana,coca
9400.0,8402.0,7419.0,7244.0,15038.0,13035.0,8519.0,-76.29446603475299,3.241374637155256,cana,coca
19060.0,18772.0,16543.0,16604.0,21998.0,17592.0,14058.0,-76.36098748450124,3.223785963232293,cana,coca
9901.0,8927.0,8434.0,7141.0,19230.0,11590.0,7557.0,-76.41853589252072,3.161572994978917,cana,coca
9960.0,9021.0,8545.0,7665.0,17326.0,13323.0,8765.0,-76.44998324806893,3.257984998985494,cana,coca
10066.0,9097.0,8255.0,7521.0,14563.0,11301.0,7885.0,-76.3985626368269,3.1626855426238456,cana,coca
10163.0,9255.0,8133.0,7361.0,12315.0,13689.0,9916.0,-76.3326156164273,3.203066355479719,cana,coca
13882.0,12772.0,13016.0,12808.0,18650.0,15292.0,11845.0,-76.37445772452277,3.203417830003479,cana,coca
9979.0,9079.0,8227.0,7380.0,18766.0,13741.0,9015.0,-76.36958164313218,3.190536055129688,cana,coca
10032.0,9089.0,8405.0,7605.0,16607.0,13566.0,9430.0,-76.44382661488906,3.199387775971262,cana,coca
10110.0,9047.0,7565.0,6680.0,6616.0,4943.0,5571.0,-76.33918304717504,3.167241293145369,cana,coca
9880.0,8928.0,8279.0,7265.0,17852.0,12279.0,8152.0,-76.41489472195997,3.0625430633045054,cana,coca
9847.0,8856.0,8269.0,7162.0,19354.0,11932.0,7694.0,-76.40847293377922,3.2052707231832485,cana,coca
10193.0,9175.0,7649.0,7047.0,3841.0,4369.0,5125.0,-76.35950690315399,3.226908295534134,cana,coca
11172.0,10208.0,9223.0,8655.0,15465.0,10237.0,7869.0,-76.4050416657504,3.061335103865394,cana,coca
11455.0,10497.0,9617.0,8905.0,15512.0,10533.0,8092.0,-76.36043485537867,3.110640201875696,cana,coca
9870.0,8888.0,8227.0,7003.0,21122.0,11758.0,7491.0,-76.43854853881497,3.18908486141377,cana,coca
15610.0,14593.0,14366.0,14487.0,18004.0,13433.0,11419.0,-76.43474350511032,3.070792004052191,cana,coca
16418.0,15519.0,15146.0,14788.0,21114.0,13855.0,11558.0,-76.41695050062535,3.0864172421150147,cana,coca
10024.0,9003.0,8565.0,7459.0,19450.0,13192.0,8705.0,-76.40524013706266,3.210023446547605,cana,coca
9803.0,8807.0,8318.0,7045.0,18448.0,11426.0,7318.0,-76.42420066000494,3.1588519304020553,cana,coca
10333.0,9371.0,8573.0,7304.0,24353.0,11146.0,6785.0,-76.30573610150871,3.187634714724276,cana,coca
13164.0,12385.0,11340.0,10966.0,17481.0,13448.0,10200.0,-76.38298270768773,3.117936720803631,cana,coca
11701.0,10842.0,10123.0,9156.0,20054.0,13578.0,9354.0,-76.3655581142706,3.106563538695565,cana,coca
9939.0,8941.0,8697.0,7489.0,21464.0,13201.0,8094.0,-76.43298504587543,3.2641142603802233,cana,coca
10012.0,9084.0,8295.0,7441.0,15354.0,11464.0,7965.0,-76.40452140159144,3.1777362439128227,cana,coca
9914.0,8935.0,8091.0,7156.0,12764.0,9419.0,6993.0,-76.42542143785518,3.1633271453937666,cana,coca
9841.0,8805.0,8336.0,7020.0,20779.0,12602.0,8199.0,-76.48430253705479,3.1896978887461587,cana,coca
12302.0,11522.0,10327.0,9732.0,19299.0,12503.0,8914.0,-76.37607665925479,3.202872981725633,cana,coca
9922.0,8923.0,8228.0,7238.0,14147.0,9731.0,6637.0,-76.47250006912594,3.241537269023412,cana,coca
10159.0,9284.0,8561.0,8084.0,17430.0,17487.0,12105.0,-76.4374735229602,3.1924779393348297,cana,coca
17413.0,16818.0,15129.0,15160.0,21153.0,12859.0,11004.0,-76.52679410759005,3.0817877834462863,cana,coca
10138.0,9219.0,8662.0,7705.0,21462.0,13954.0,8709.0,-76.52955468532822,3.1246515156622,cana,coca
9995.0,9085.0,8246.0,7448.0,18918.0,14363.0,9417.0,-76.33140120105246,3.2033392789803603,cana,coca
9851.0,8768.0,8338.0,6791.0,19368.0,11181.0,7427.0,-76.43939889326613,3.218115465208695,cana,coca
9886.0,8949.0,8355.0,7746.0,12927.0,12705.0,8763.0,-76.38268559251641,3.097044525156884,cana,coca
9311.0,8211.0,6880.0,6036.0,8095.0,5328.0,4990.0,-76.35013506099465,3.1822861449065547,cana,coca
9928.0,8915.0,8138.0,7191.0,14777.0,10418.0,7511.0,-76.40718850643799,3.1538556274256093,cana,coca
9833.0,8963.0,8348.0,8116.0,19004.0,15887.0,9755.0,-76.37119812971632,3.288485091410393,cana,coca
14512.0,13785.0,12954.0,13145.0,18771.0,17262.0,12987.0,-76.42340004252934,3.0651093604634734,cana,coca
9627.0,8709.0,7767.0,7220.0,18522.0,15049.0,9077.0,-76.23967702402213,3.25284008727645,cana,coca
17007.0,16349.0,14984.0,14951.0,19894.0,13849.0,11644.0,-76.46245508894738,3.104940965498134,cana,coca
10132.0,9146.0,8621.0,7214.0,25252.0,2656.0,3738.0,-76.39092915424104,3.105580625237568,cana,nubes
9929.0,8938.0,8393.0,7409.0,18156.0,12371.0,8190.0,-76.43505317100966,3.1989931549026815,cana,coca
9839.0,8820.0,8496.0,7144.0,20595.0,13269.0,8412.0,-76.48308747754935,3.189428328914976,cana,coca
9955.0,8951.0,8266.0,7116.0,16361.0,9896.0,6949.0,-76.4174842708298,3.182195363376707,cana,coca
9930.0,8944.0,8405.0,7180.0,21238.0,12527.0,7989.0,-76.43298198987894,3.1652159654637315,cana,coca
9993.0,9019.0,8323.0,7579.0,17814.0,12371.0,8354.0,-76.39585952709214,3.1598402284063294,cana,coca
10276.0,9343.0,8678.0,7542.0,20889.0,12081.0,7684.0,-76.31612903254859,3.1876214215195526,cana,coca
9850.0,8841.0,8209.0,6948.0,18634.0,10591.0,7087.0,-76.42879292276858,3.161423199632044,cana,coca
12325.0,11346.0,10999.0,9996.0,20571.0,13590.0,9677.0,-76.36853247056544,3.1106296806133003,cana,coca
9923.0,8855.0,8340.0,7267.0,16793.0,10444.0,7233.0,-76.40947156974102,3.145441323997528,cana,coca
12487.0,11512.0,11034.0,10034.0,19836.0,12495.0,9175.0,-76.37378853595052,3.1049248182086107,cana,coca
10042.0,9183.0,8590.0,8047.0,17078.0,15132.0,9739.0,-76.47192538399987,3.023395504108919,cana,coca
9781.0,8777.0,8190.0,6878.0,16788.0,10102.0,7008.0,-76.39039624239946,3.212214480686245,cana,coca
9849.0,8947.0,8084.0,7125.0,16035.0,12719.0,8383.0,-76.32369131749022,3.1905964062801364,cana,coca
9490.0,8548.0,8115.0,7293.0,16116.0,13500.0,8706.0,-76.30687488533296,3.126852991495129,cana,coca
9911.0,8872.0,8273.0,7422.0,16363.0,10377.0,7072.0,-76.39911396972043,3.1712316950238533,cana,coca
13072.0,12252.0,11149.0,10709.0,19676.0,14250.0,10414.0,-76.39089292398901,3.077769200159988,cana,coca
16571.0,15921.0,14483.0,14294.0,19955.0,12433.0,10610.0,-76.52288643437461,3.0858631388029054,cana,coca
9964.0,9061.0,8557.0,7951.0,17449.0,14540.0,9249.0,-76.40471957097353,3.22413328506437,cana,coca
10001.0,9003.0,8495.0,7288.0,20561.0,11922.0,7739.0,-76.4982167011646,3.198631127407961,cana,coca
10034.0,9105.0,8517.0,7580.0,16251.0,13614.0,9300.0,-76.40431477755537,3.1242845943477273,cana,coca
9667.0,8603.0,7803.0,7009.0,19083.0,12176.0,7817.0,-76.29635438772422,3.2402868455268057,cana,coca
10159.0,9240.0,8794.0,7931.0,21594.0,15836.0,10132.0,-76.43487726553906,3.169418884300836,cana,coca
10002.0,9049.0,8399.0,7408.0,17253.0,11724.0,7769.0,-76.39212302887029,3.1915909807486926,cana,coca
9901.0,8872.0,8253.0,7045.0,18880.0,10271.0,6888.0,-76.48848152170274,3.186300332028708,cana,coca
10393.0,9475.0,8888.0,7792.0,20228.0,12657.0,8085.0,-76.31599509432212,3.1884356115751373,cana,coca
10578.0,9485.0,8499.0,7924.0,15110.0,12250.0,9307.0,-76.3486011298684,3.247544379771253,cana,coca
10056.0,9137.0,8605.0,7832.0,19417.0,13432.0,8332.0,-76.36779735948593,3.1680177470903472,cana,coca
10108.0,9115.0,8104.0,7044.0,8762.0,6221.0,5606.0,-76.36112715138304,3.227313119896152,cana,coca
9336.0,8453.0,7649.0,6903.0,14151.0,15427.0,10701.0,-76.34593183483919,3.167503845191004,cana,coca
10823.0,9941.0,8774.0,8571.0,12651.0,11905.0,8915.0,-76.39518350535846,3.0561927486995484,cana,coca
9846.0,8874.0,8204.0,7096.0,17565.0,13403.0,9322.0,-76.48324329260947,3.20394372076797,cana,coca
10008.0,9038.0,8352.0,7354.0,17599.0,11586.0,7842.0,-76.4625873463061,3.199632399304759,cana,coca
9898.0,8888.0,8360.0,7143.0,18524.0,11084.0,7431.0,-76.44121080005016,3.1623555931805067,cana,coca
9761.0,8840.0,8583.0,7493.0,20583.0,15552.0,9756.0,-76.37036237332748,3.2694929444089134,cana,coca
10301.0,9387.0,8743.0,8212.0,16446.0,16086.0,11367.0,-76.44056548241481,3.183655523824077,cana,coca
9885.0,8919.0,8055.0,7034.0,6582.0,5690.0,4844.0,-76.43286200368581,3.2725255322531814,cana,coca
17439.0,16700.0,15982.0,15594.0,20197.0,14080.0,12191.0,-76.4621835023926,3.1037203896365266,cana,coca
12976.0,12344.0,10217.0,9725.0,9175.0,7358.0,6849.0,-76.54383642819342,3.1087587263323058,cana,coca
12652.0,11772.0,11101.0,10037.0,19287.0,12434.0,9490.0,-76.41500537591959,3.1457051276159613,cana,coca
10225.0,9354.0,8754.0,8153.0,15246.0,16405.0,11049.0,-76.43329030793042,3.193026458952358,cana,coca
10043.0,9069.0,8560.0,7548.0,21437.0,15820.0,10473.0,-76.42719194951877,3.1749917540276114,cana,coca
10065.0,9096.0,8606.0,7616.0,16779.0,12009.0,8049.0,-76.41572748549503,3.1805698187627005,cana,coca
11181.0,10384.0,9433.0,8957.0,17669.0,15045.0,10154.0,-76.38078722709693,3.1928273290785962,cana,coca
10762.0,9764.0,9033.0,8120.0,16710.0,10872.0,8018.0,-76.37390635011371,3.0916293299748134,cana,coca
10807.0,9900.0,9133.0,8122.0,16778.0,12022.0,8219.0,-76.37929550427046,3.187538361313622,cana,coca
10002.0,9045.0,8128.0,7362.0,15597.0,12262.0,8018.0,-76.44881049576803,3.192326289402567,cana,coca
9993.0,8996.0,8305.0,7299.0,17934.0,11335.0,7753.0,-76.42111852101951,3.175000160217251,cana,coca
10877.0,10072.0,8805.0,8449.0,21635.0,15813.0,9943.0,-76.35744962590188,3.20221960356375,cana,coca
9916.0,8979.0,8729.0,7496.0,20094.0,15051.0,9582.0,-76.42560804715482,3.200905671477394,cana,coca
9921.0,8933.0,8261.0,7442.0,17926.0,11620.0,7565.0,-76.46258426990208,3.197461824029628,cana,coca
10188.0,9207.0,7647.0,7035.0,9348.0,6952.0,6382.0,-76.34053308515,3.1675108762527624,cana,coca
10075.0,9152.0,8139.0,7236.0,14675.0,13942.0,9602.0,-76.33383213814729,3.2044214519895835,cana,coca
16102.0,15140.0,15104.0,14470.0,19162.0,12881.0,11193.0,-76.53058076646334,3.0874799284772436,cana,coca
9859.0,8878.0,8126.0,7314.0,16998.0,12114.0,8228.0,-76.41275351144157,3.274860476552051,cana,coca
9959.0,8903.0,8102.0,7424.0,18521.0,11773.0,7509.0,-76.41314653049754,3.16836359221753,cana,coca
10295.0,9343.0,8713.0,7988.0,15000.0,12454.0,8465.0,-76.35529769762151,3.103863458930739,cana,coca
9785.0,8806.0,8003.0,6379.0,23962.0,10594.0,6502.0,-76.3374117993845,3.258141446865153,cana,coca
10082.0,9135.0,8611.0,7664.0,17252.0,13264.0,8958.0,-76.48173687196642,3.18875198315315,cana,coca
10328.0,9436.0,8696.0,8373.0,14810.0,14470.0,10008.0,-76.44447550328684,3.1808011177506788,cana,coca
10073.0,9128.0,8227.0,7451.0,15255.0,14577.0,9990.0,-76.33234654560755,3.203745050706367,cana,coca
17655.0,17041.0,15565.0,15651.0,20686.0,13199.0,11381.0,-76.52422857102584,3.0807062143476576,cana,coca
10025.0,9042.0,8500.0,7412.0,21025.0,12546.0,8054.0,-76.45571039193506,3.2041190610111556,cana,coca
16773.0,16043.0,15068.0,14651.0,20493.0,12731.0,10976.0,-76.50520421238784,3.0830395939364563,cana,coca
12168.0,11265.0,10682.0,10003.0,17527.0,13136.0,9592.0,-76.36583082472538,3.1087338583075996,cana,coca
17360.0,16615.0,15311.0,15250.0,19434.0,12673.0,11269.0,-76.51344295802492,3.087911558628098,cana,coca
10180.0,9133.0,8853.0,8032.0,14602.0,14373.0,10515.0,-76.37580485223889,3.098681521617217,cana,coca
9765.0,8823.0,8154.0,7503.0,21036.0,16306.0,10361.0,-76.33828627842364,3.2044156151748844,cana,coca
12037.0,11096.0,10584.0,9620.0,19497.0,12280.0,8965.0,-76.36569621377937,3.1090053674996954,cana,coca
12862.0,12141.0,10762.0,9826.0,21064.0,13776.0,10144.0,-76.54474568677965,3.0843392437858537,cana,coca
10025.0,9100.0,8455.0,7574.0,17381.0,12670.0,8299.0,-76.41383112358773,3.1755528560981388,cana,coca
17392.0,16672.0,15667.0,15473.0,20451.0,13032.0,11339.0,-76.52058846793025,3.0831532838433224,cana,coca
12551.0,11625.0,10908.0,9923.0,19726.0,12313.0,9070.0,-76.36232708900108,3.1128084256818407,cana,coca
10227.0,9310.0,8906.0,7571.0,21241.0,13954.0,8757.0,-76.42355368606283,3.079218197423588,cana,coca
12803.0,11958.0,10954.0,10476.0,17454.0,12739.0,9709.0,-76.38176700394128,3.117124327737416,cana,coca
8707.0,7063.0,8660.0,6547.0,14773.0,14042.0,6821.0,-76.37797507570298,3.1070900060322124,cana,coca
10053.0,9080.0,8484.0,7654.0,15703.0,11583.0,7931.0,-76.41301303790594,3.1694490891720983,cana,coca
16628.0,15879.0,14829.0,14506.0,19900.0,12993.0,11200.0,-76.52667620914927,3.0937258164966965,cana,coca
10281.0,9328.0,8605.0,7782.0,19395.0,12866.0,8423.0,-76.39803478773635,3.1716401554857394,cana,coca
9814.0,8831.0,8128.0,6462.0,25394.0,11553.0,7109.0,-76.3386271656527,3.258546830033208,cana,coca
9872.0,8959.0,8640.0,7469.0,22749.0,17256.0,10345.0,-76.43244956298183,3.2672352727419653,cana,coca
13521.0,12637.0,11968.0,11218.0,20393.0,12579.0,9621.0,-76.4198900592027,3.0641643941544823,cana,coca
10202.0,9292.0,8282.0,7798.0,14049.0,14412.0,10745.0,-76.38482760703364,3.1863099090204994,cana,coca
9975.0,8947.0,8379.0,7201.0,19161.0,10808.0,7106.0,-76.46581055642493,3.1883679103309666,cana,coca
9657.0,8659.0,7921.0,7006.0,15691.0,10524.0,7269.0,-76.36519692663215,3.242637991931463,cana,coca
9652.0,8631.0,8201.0,7088.0,16988.0,12158.0,8362.0,-76.37959793223251,3.109665538003931,cana,coca
9954.0,8957.0,8415.0,7583.0,16576.0,11827.0,7870.0,-76.41615540038157,3.1973915670394564,cana,coca
9726.0,8669.0,7990.0,7050.0,16901.0,10265.0,6864.0,-76.44670124140627,3.228008420536142,cana,coca
13074.0,12322.0,10955.0,10438.0,17746.0,12812.0,9810.0,-76.38419167646302,3.113593810716453,cana,coca
10052.0,9153.0,8705.0,7652.0,16507.0,14212.0,9553.0,-76.39308954987243,3.106391759580032,cana,coca
9597.0,8482.0,7439.0,6140.0,11188.0,5315.0,4867.0,-76.34444385569272,3.1649280906978916,cana,coca
9550.0,8566.0,7866.0,6665.0,15952.0,8861.0,5638.0,-76.29555798331651,3.2508701787477308,cana,coca
9928.0,8915.0,8007.0,7451.0,14777.0,12239.0,8332.0,-76.4838976469086,3.1896984754436692,cana,coca
13029.0,12215.0,11476.0,9994.0,20963.0,12888.0,9818.0,-76.38769122038028,3.106398897172722,cana,coca
9803.0,8924.0,8331.0,7357.0,15987.0,14641.0,9924.0,-76.36226599496729,3.1697887421235715,cana,coca
12214.0,11355.0,10476.0,9516.0,21215.0,12640.0,8721.0,-76.36704668665094,3.10968194651155,cana,coca
12210.0,11228.0,10781.0,9853.0,18966.0,12998.0,9970.0,-76.36246449065932,3.1147075893294773,cana,coca
13410.0,12568.0,11619.0,10926.0,18841.0,12408.0,9841.0,-76.4701846642134,3.0334368016787274,cana,coca
9978.0,8901.0,8344.0,7330.0,15686.0,12896.0,9551.0,-76.39593082115915,3.2127495601588945,cana,coca
9864.0,8861.0,8376.0,7167.0,20717.0,12008.0,7672.0,-76.43040950601993,3.1592503511485948,cana,coca
11536.0,10687.0,9850.0,9408.0,19373.0,14062.0,9433.0,-76.38106860001919,3.2013739090243334,cana,coca
9867.0,8862.0,8325.0,7050.0,20853.0,11854.0,7608.0,-76.4313553597781,3.160063021477607,cana,coca
9668.0,8618.0,8198.0,7255.0,17569.0,11212.0,7206.0,-76.44689824934731,3.2715556555670884,cana,coca
11965.0,10994.0,10618.0,10010.0,17765.0,13095.0,9576.0,-76.37540435931203,3.1020737088931574,cana,coca
9887.0,8941.0,8068.0,6917.0,16614.0,10517.0,7261.0,-76.4543853039522,3.2214856481927368,cana,coca
9314.0,8412.0,7811.0,6744.0,18865.0,12337.0,7153.0,-76.31169663601348,3.2047215100436452,cana,coca
9825.0,8941.0,7888.0,6900.0,21006.0,12487.0,7953.0,-76.31477999279237,3.18816583195533,cana,coca
11298.0,10357.0,9812.0,9152.0,19925.0,13608.0,9231.0,-76.37566649616285,3.198939211543139,cana,coca
8881.0,7800.0,6646.0,5445.0,9216.0,5326.0,4901.0,-76.34069572466262,3.1889462634922205,cana,coca
9635.0,8660.0,8276.0,6946.0,22836.0,13586.0,8225.0,-76.26773980809745,3.2415442766945612,cana,coca
9840.0,8916.0,8552.0,7622.0,17611.0,15062.0,9784.0,-76.44614679982332,3.217698888874315,cana,coca
16900.0,16145.0,15216.0,14845.0,21329.0,13052.0,11101.0,-76.532049662486,3.076625225543264,cana,coca
9835.0,8935.0,8225.0,7590.0,19090.0,14230.0,9045.0,-76.32306321687358,3.226956574512374,cana,coca
9998.0,9032.0,8482.0,7511.0,19670.0,12764.0,8192.0,-76.41340506398677,3.159952054995805,cana,coca
10086.0,9200.0,8414.0,8125.0,14908.0,15600.0,10774.0,-76.38768016254599,3.1998726181118657,cana,coca
9272.0,8193.0,7859.0,7958.0,23449.0,9382.0,2934.0,-76.38738726210092,3.080215775789965,cana,coca
9464.0,8459.0,6813.0,6066.0,6895.0,5124.0,5371.0,-76.33758769427845,3.1861012877151698,cana,coca
10054.0,9014.0,8676.0,7353.0,20530.0,11667.0,7638.0,-76.4088471417465,3.1827499103305392,cana,coca
9959.0,8941.0,8264.0,7208.0,16686.0,10358.0,7272.0,-76.44448722687663,3.189212167050261,cana,coca
10391.0,9591.0,9125.0,8450.0,18712.0,17351.0,11048.0,-76.23144240301161,3.2524431944134884,cana,coca
14233.0,13380.0,12303.0,11808.0,17545.0,11311.0,9469.0,-76.50412252902673,3.0815488815284926,cana,coca
10725.0,10200.0,10569.0,10969.0,7971.0,2358.0,2712.0,-76.4616489113205,3.1075196545813726,cana,nubes
9980.0,9009.0,8276.0,7175.0,18192.0,11801.0,8085.0,-76.43885749169162,3.2170309318316455,cana,coca
9731.0,8793.0,8372.0,7256.0,18680.0,13389.0,8494.0,-76.43043895160062,3.180685099750659,cana,coca
16383.0,15432.0,15065.0,14754.0,19116.0,12736.0,11043.0,-76.53004330725676,3.089108593769918,cana,coca
9934.0,9075.0,8670.0,7268.0,21777.0,13963.0,7997.0,-76.43153855668865,3.195063857884286,cana,coca
10140.0,9265.0,8594.0,8086.0,14911.0,14898.0,9979.0,-76.45312120852054,3.186486719169453,cana,coca
9028.0,7972.0,6908.0,5866.0,10484.0,6225.0,5068.0,-76.34191557315388,3.1928790455601463,cana,coca
9970.0,9017.0,8256.0,7359.0,15668.0,11209.0,7613.0,-76.38497020044818,3.1920076809966376,cana,coca
9848.0,8899.0,8197.0,7242.0,14124.0,13548.0,9590.0,-76.33261421314435,3.2019810074581354,cana,coca
10001.0,9092.0,8395.0,7632.0,16311.0,12641.0,8450.0,-76.40960616741593,3.1451698123084753,cana,coca
10083.0,9152.0,8596.0,7817.0,16792.0,14473.0,9816.0,-76.40842037178972,3.1666064199510378,cana,coca
10034.0,9059.0,8175.0,7292.0,16778.0,10958.0,7528.0,-76.40557405034836,3.1576564315237152,cana,coca
10216.0,9309.0,8648.0,8085.0,12728.0,13929.0,10019.0,-76.41071087319732,3.0622772760103447,cana,coca
10305.0,9395.0,8504.0,7794.0,17074.0,12091.0,8199.0,-76.40651770252535,3.1568411611001013,cana,coca
19741.0,19369.0,17913.0,18145.0,23873.0,19639.0,15331.0,-76.34972679727967,3.179708992850398,cana,coca
10002.0,9080.0,8649.0,7168.0,18698.0,12887.0,8567.0,-76.39531845699267,3.0561925725269763,cana,coca
9919.0,8935.0,8236.0,7116.0,16935.0,10494.0,7176.0,-76.41625108914691,3.1686306607713455,cana,coca
9845.0,8849.0,8852.0,6960.0,19268.0,13325.0,8988.0,-76.38646743452641,3.2013665884717484,cana,coca
10282.0,9451.0,8663.0,8896.0,14826.0,17747.0,11998.0,-76.48983934974137,3.1919960626380792,cana,coca
9893.0,8887.0,8194.0,7038.0,17730.0,10104.0,6781.0,-76.48443224908287,3.186034882776133,cana,coca
9893.0,8889.0,7975.0,7162.0,16333.0,10916.0,7362.0,-76.48848913024113,3.1915910482349465,cana,coca
9977.0,8959.0,8349.0,7641.0,17212.0,12912.0,8768.0,-76.40152076606402,3.154405971531182,cana,coca
16555.0,16020.0,13877.0,14043.0,19100.0,12187.0,10393.0,-76.5312533664474,3.085986725446362,cana,coca
8554.0,7473.0,6084.0,5167.0,6011.0,4454.0,4592.0,-76.34650497410351,3.1931443524683054,cana,coca
10059.0,9073.0,8403.0,7702.0,17814.0,12248.0,8093.0,-76.41436729616346,3.172838835925387,cana,coca
10518.0,9595.0,9152.0,8403.0,16914.0,13669.0,9250.0,-76.35732261489537,3.1042678521865725,cana,coca
10257.0,9374.0,8596.0,7805.0,18868.0,13900.0,9264.0,-76.47208673033442,3.2357044689995007,cana,coca
10050.0,9066.0,8306.0,7445.0,13963.0,10644.0,7802.0,-76.44690789277536,3.1829682893736546,cana,coca
9901.0,8829.0,8339.0,6985.0,18271.0,8778.0,5684.0,-76.41667021275465,3.1790762148554617,cana,coca
10468.0,9560.0,8944.0,8550.0,17755.0,16501.0,11294.0,-76.46098497614904,3.115388946852917,cana,coca
11949.0,10910.0,10194.0,9466.0,16677.0,10608.0,8142.0,-76.37512848585948,3.09746140463248,cana,coca
9811.0,8963.0,8158.0,7735.0,14352.0,14649.0,9804.0,-76.44177960322777,3.183246831110603,cana,coca
9951.0,8986.0,8616.0,7782.0,17640.0,15891.0,10499.0,-76.4652745572785,3.0943554603419337,cana,coca
9878.0,8871.0,8331.0,7286.0,16905.0,11528.0,7886.0,-76.43999685206131,3.259220350330841,cana,coca
10882.0,9892.0,9041.0,8301.0,14501.0,10022.0,7697.0,-76.40301756574203,3.0614734324098833,cana,coca
10286.0,9420.0,8624.0,8497.0,14092.0,15635.0,10941.0,-76.44286102309275,3.1844662733648765,cana,coca
9939.0,8902.0,8394.0,7130.0,19367.0,10861.0,7000.0,-76.43086729187583,3.197642396982689,cana,coca
9615.0,8628.0,8101.0,6713.0,20141.0,11403.0,7210.0,-76.37259040713784,3.220107320983539,cana,coca
9923.0,8925.0,8611.0,7567.0,24726.0,13497.0,7385.0,-76.42345117478764,3.202807971641255,cana,coca
9870.0,8927.0,8713.0,7367.0,20471.0,13052.0,7974.0,-76.38472303008788,3.208966241581462,cana,coca
13117.0,12295.0,11779.0,11480.0,18021.0,17277.0,12659.0,-76.47641183680793,3.0479439836236395,cana,coca
10367.0,9359.0,9031.0,7746.0,21646.0,12581.0,8127.0,-76.35227834419204,3.1698018950029145,cana,coca
22243.0,22665.0,17904.0,18088.0,24708.0,18961.0,16149.0,-76.35895925728742,3.221075340630614,cana,coca
9871.0,8839.0,7958.0,7099.0,15541.0,9042.0,6532.0,-76.44405195918682,3.167371135309161,cana,coca
10293.0,9351.0,8409.0,8162.0,13471.0,15866.0,11545.0,-76.39464647428883,3.161062853520543,cana,coca
9827.0,8781.0,8272.0,7192.0,14733.0,9812.0,6849.0,-76.4290041154255,3.2166378549570993,cana,coca
9660.0,8556.0,8511.0,7389.0,18243.0,13817.0,9260.0,-76.38082369850845,3.118210900953197,cana,coca
9772.0,8709.0,8134.0,6829.0,17021.0,9229.0,6529.0,-76.42373500295841,3.2128466764152837,cana,coca
9671.0,8635.0,7974.0,6785.0,18790.0,10910.0,7132.0,-76.48186213513311,3.1819687975291284,cana,coca
10009.0,9021.0,8321.0,7363.0,16242.0,12128.0,8279.0,-76.44744869864321,3.1836458377328065,cana,coca
10215.0,9255.0,8692.0,7815.0,21764.0,13884.0,8861.0,-76.35717539611339,3.1989639514932255,cana,coca
9735.0,8699.0,7996.0,6753.0,18490.0,9439.0,6337.0,-76.47353723258983,3.21196176530281,cana,coca
9978.0,9000.0,8474.0,7499.0,18297.0,12108.0,7891.0,-76.37497540164533,3.186730167600978,cana,coca
9937.0,8923.0,8076.0,7545.0,19535.0,11467.0,7447.0,-76.48726062899323,3.181960991415567,cana,coca
10958.0,10458.0,11308.0,12777.0,8226.0,5672.0,6022.0,-76.4609752600169,3.108334560355149,cana,nubes
9963.0,9007.0,8330.0,7257.0,18936.0,11917.0,7750.0,-76.48190614535591,3.2126279068472323,cana,coca
9792.0,8763.0,8274.0,7265.0,18737.0,12992.0,8667.0,-76.46542818731794,3.2042408016928494,cana,coca
11166.0,10200.0,9224.0,8515.0,14359.0,9830.0,7527.0,-76.40706381675062,3.0597044608188395,cana,coca
11924.0,11019.0,9995.0,9426.0,17311.0,11557.0,8703.0,-76.40760858134425,3.0635023578083387,cana,coca
9800.0,8800.0,8076.0,7346.0,18848.0,11786.0,7676.0,-76.48308300825141,3.1863081552030663,cana,coca
13537.0,12654.0,11348.0,10861.0,17977.0,11309.0,9090.0,-76.48185088433026,3.077917421547101,cana,coca
9525.0,8446.0,7641.0,6865.0,14080.0,10063.0,7519.0,-76.27949316008213,3.249398372090746,cana,coca
10306.0,9467.0,8557.0,7947.0,15182.0,15974.0,11607.0,-76.39288921510004,3.1590302418050764,cana,coca
9167.0,8136.0,6547.0,5922.0,6229.0,5110.0,5212.0,-76.33904982172623,3.168598150731742,cana,coca
9771.0,8804.0,8384.0,7457.0,16231.0,14116.0,9131.0,-76.38000034159754,3.107765681174744,cana,coca
16524.0,15697.0,15084.0,14718.0,21034.0,14089.0,11774.0,-76.46048287528761,3.0440316206385116,cana,coca
16456.0,16012.0,13509.0,13695.0,19587.0,11985.0,10075.0,-76.52046046160204,3.0880371531683046,cana,coca
9784.0,8849.0,8402.0,7566.0,15935.0,13896.0,8971.0,-76.38080991914057,3.107628951725403,cana,coca
9963.0,8967.0,8427.0,7486.0,18827.0,12676.0,8229.0,-76.43338203420791,3.1616881702637145,cana,coca
12939.0,12000.0,11452.0,10281.0,21364.0,12199.0,9084.0,-76.39224141301439,3.076953438006148,cana,coca
9895.0,8890.0,8390.0,7083.0,19840.0,12696.0,8179.0,-76.49012239300285,3.20108484068465,cana,coca
9198.0,8100.0,7010.0,6164.0,8519.0,6247.0,5518.0,-76.3316428435028,3.181360616149991,cana,coca
10281.0,9372.0,8583.0,8139.0,16551.0,17357.0,12150.0,-76.39491567941545,3.160519828911789,cana,coca
9785.0,8921.0,8317.0,7599.0,18318.0,15596.0,9981.0,-76.48148776771178,3.2032679725662705,cana,coca
10237.0,9376.0,8817.0,7727.0,21546.0,15350.0,9586.0,-76.48805195581548,3.0731606455928153,cana,coca
16090.0,15122.0,15004.0,14570.0,19338.0,12981.0,11202.0,-76.53285875636786,3.076217086155438,cana,coca
10238.0,9396.0,8847.0,8339.0,18090.0,15902.0,10057.0,-76.3837379009656,3.178849755174785,cana,coca
9424.0,8374.0,7125.0,6184.0,8263.0,5531.0,5191.0,-76.35405930296656,3.190014028673104,cana,coca
10028.0,9075.0,8422.0,7543.0,17805.0,13591.0,8944.0,-76.38777679369163,3.171247030132219,cana,coca
17586.0,16920.0,15696.0,15533.0,20323.0,12824.0,11291.0,-76.51006617772853,3.085745847167216,cana,coca
10050.0,9121.0,8519.0,7721.0,20415.0,14085.0,8731.0,-76.4350493989612,3.1962799025613773,cana,coca
10943.0,9933.0,8851.0,8245.0,12890.0,8344.0,6855.0,-76.33784748848089,3.1782321761522017,cana,coca
9796.0,8767.0,8185.0,7228.0,18661.0,11360.0,7530.0,-76.30114086899977,3.1827564211035866,cana,coca
12834.0,11996.0,11303.0,10381.0,22554.0,13288.0,9271.0,-76.36583623809494,3.112939531505308,cana,coca
9947.0,8907.0,8262.0,7087.0,17263.0,9490.0,6667.0,-76.47893590365432,3.21195392986682,cana,coca
14078.0,13213.0,12230.0,11866.0,16864.0,11335.0,9544.0,-76.5376013359372,3.0897759146198696,cana,coca
11884.0,10601.0,10753.0,9237.0,17035.0,8541.0,5565.0,-76.35201105006922,3.171837261689472,cana,coca
12618.0,11869.0,11466.0,10401.0,23804.0,16418.0,10816.0,-76.36785662125817,3.1098165591852114,cana,coca
9950.0,8919.0,8341.0,7288.0,18358.0,11903.0,7717.0,-76.42002547730054,3.1652338730143956,cana,coca
9741.0,8687.0,8055.0,6859.0,17642.0,9583.0,6528.0,-76.42095380486234,3.153158516316971,cana,coca
17342.0,16742.0,15445.0,15569.0,21234.0,15379.0,12383.0,-76.43123025939448,3.067405151402234,cana,coca
