,Costal,Blue,Green,Red,NIR,SWIR1,SWIR2,Longitude,Latitude,Target,Prediction
7,10049.0,9111.0,8296.0,7250.0,17677.0,10564.0,7300.0,-72.12009215295069,1.4171743093855564,coca,cana
92,24781.0,24598.0,25584.0,26007.0,31058.0,30979.0,26150.0,-75.9246603990289,1.5216456269739915,coca,cana
109,9416.0,8417.0,7763.0,6630.0,18515.0,10398.0,6785.0,-71.86284109013422,1.1330914182829432,coca,cana
238,10284.0,9386.0,8724.0,7961.0,15603.0,10934.0,7759.0,-72.51620226462624,1.4387868090535845,coca,cana
379,10059.0,9083.0,8520.0,7324.0,19746.0,11279.0,7408.0,-71.94441680699168,1.5711634742819696,coca,cana
507,10663.0,9784.0,9592.0,8543.0,19841.0,14251.0,8921.0,-72.72951661881856,1.9768058307388734,coca,cana
828,11174.0,10214.0,9385.0,8624.0,14927.0,15177.0,13049.0,-75.34178785217902,0.679621712047638,coca,cana
948,15762.0,15328.0,14621.0,14431.0,26747.0,22632.0,16910.0,-72.44677113824956,1.8984381674904816,coca,cana
967,10969.0,10138.0,9831.0,9983.0,15980.0,17594.0,12397.0,-75.31697181894346,1.7428875154316361,coca,cana
1043,28393.0,29303.0,29419.0,31082.0,38428.0,31278.0,24218.0,-71.51316134189908,2.196966798998543,coca,cana
1638,10222.0,9292.0,8556.0,7418.0,18803.0,11874.0,8188.0,-75.91571001740563,1.3940995556455689,coca,cana
1710,11932.0,11183.0,11177.0,11831.0,17667.0,22490.0,16642.0,-75.70037969662772,0.7525889881111845,coca,cana
1848,11276.0,10215.0,9274.0,8619.0,12003.0,14951.0,13915.0,-74.58732420745469,1.251615940245239,coca,cana
1910,10799.0,9788.0,8968.0,8419.0,10879.0,13152.0,11324.0,-75.90326007738106,1.2672323647203492,coca,cana
2124,27319.0,28062.0,28148.0,29930.0,35582.0,28895.0,21936.0,-71.52925643350159,2.1657137654540164,coca,cana
2235,10260.0,9364.0,9265.0,8448.0,18435.0,12033.0,8228.0,-72.09788297689886,1.4080656230941717,coca,cana
2367,10804.0,9946.0,9345.0,8503.0,19160.0,12853.0,8440.0,-72.40637398216344,2.1380625885496123,coca,cana
2504,10773.0,9887.0,9416.0,8816.0,18786.0,16351.0,11173.0,-75.31535229145194,1.7356953505638772,coca,cana
2593,12073.0,11085.0,10469.0,9962.0,17592.0,13051.0,10603.0,-75.24120322113505,1.9194537541589796,coca,cana
2631,10911.0,10131.0,9704.0,9641.0,16191.0,19617.0,13343.0,-72.35659601470539,1.8330958726603255,coca,cana
2695,10420.0,9630.0,9076.0,9064.0,15287.0,16874.0,11399.0,-71.91536400660573,1.4524127693015887,coca,cana
2794,10848.0,10017.0,9591.0,9026.0,16924.0,14482.0,9677.0,-72.48865634469365,2.089121394855422,coca,cana
2839,9780.0,8753.0,8433.0,6922.0,19935.0,10721.0,6907.0,-71.46354116529618,2.1696242570917246,coca,cana
2875,11708.0,10694.0,9857.0,9494.0,14303.0,16075.0,14044.0,-75.80113699629402,1.0337336898492828,coca,cana
2967,10000.0,9030.0,8232.0,7070.0,20081.0,10748.0,7155.0,-72.12667783757219,1.5323892236011984,coca,cana
3220,9466.0,8491.0,7850.0,6682.0,19467.0,11027.0,7136.0,-71.8741888353976,1.2187435890241525,coca,cana
3239,16933.0,16527.0,15972.0,15973.0,21987.0,21424.0,18526.0,-71.5411425924204,2.149350513456058,coca,cana
3441,11763.0,10836.0,10284.0,9664.0,17737.0,16908.0,13342.0,-75.25957178285945,0.9495501276333531,coca,cana
3452,9611.0,8584.0,7875.0,6965.0,13514.0,8990.0,6620.0,-71.81764458275615,1.4305965615155316,coca,cana
3796,9474.0,8436.0,7692.0,6555.0,21134.0,10799.0,6945.0,-71.90817860024643,1.162681798860376,coca,cana
3820,18744.0,18384.0,17292.0,17113.0,25421.0,21314.0,16627.0,-75.91980769628664,1.5244972289664023,coca,cana
3873,10156.0,9211.0,8410.0,7321.0,19950.0,10990.0,7339.0,-72.38695888167351,1.4881233870155346,coca,cana
3987,9485.0,8501.0,7737.0,6883.0,16081.0,10798.0,7257.0,-71.99154159056948,0.8429427199262429,coca,cana
4020,10420.0,9576.0,9575.0,8625.0,21966.0,16125.0,9949.0,-72.54375992291416,2.0984286838137036,coca,cana
4065,26081.0,26104.0,26138.0,26905.0,31829.0,29670.0,24843.0,-75.5235547624167,1.6622336716234205,coca,cana
4119,9335.0,8248.0,8714.0,6174.0,31582.0,14300.0,8030.0,-71.93533834334792,1.5165380994347262,coca,cana
4146,10172.0,9385.0,9183.0,8387.0,18594.0,12182.0,8006.0,-71.89694597858423,1.5281367573117928,coca,cana
4181,10577.0,9736.0,9293.0,8617.0,17418.0,14368.0,9682.0,-72.45297415628669,1.9850788291343753,coca,cana
4191,19478.0,19208.0,18071.0,18257.0,25435.0,21485.0,18373.0,-72.7420094925981,1.7999974783298762,coca,cana
4199,10867.0,9983.0,9450.0,9204.0,15165.0,14564.0,9999.0,-72.4934978012319,2.095365741301499,coca,cana
4226,11438.0,10364.0,8981.0,8580.0,7746.0,13692.0,14876.0,-75.05613256675728,1.1033180029777923,coca,cana
4297,29425.0,29585.0,32336.0,33868.0,36686.0,22777.0,13423.0,-71.51671546332736,2.231787344425455,coca,cana
4394,10586.0,9813.0,10115.0,9145.0,23971.0,15531.0,10043.0,-72.41695666368818,1.9233384149312733,coca,cana
4400,11049.0,10223.0,9510.0,9461.0,16974.0,16079.0,10886.0,-72.4386349473014,2.186245036003079,coca,cana
4417,9615.0,8639.0,8154.0,6945.0,21210.0,12542.0,7844.0,-71.96556379476306,1.1336082032021126,coca,cana
4442,10890.0,10042.0,9497.0,8953.0,18033.0,13897.0,9460.0,-72.48833514239712,2.1213881970072426,coca,cana
4484,12044.0,11318.0,10906.0,10940.0,12673.0,12709.0,10778.0,-75.33907354541601,1.654131840499491,coca,cana
4544,11570.0,10634.0,10189.0,9870.0,4675.0,2007.0,2749.0,-75.06948191934977,1.1695437449673196,coca,cana
4646,9923.0,8926.0,8326.0,7134.0,15531.0,9254.0,6457.0,-72.47769612959682,1.4185433509103156,coca,cana
4664,13762.0,13098.0,12692.0,12614.0,20349.0,17674.0,14710.0,-75.56558301485377,0.8106894768046015,coca,cana
5062,9558.0,8666.0,8670.0,8041.0,21392.0,14560.0,8981.0,-72.3871773252233,2.1740904245666517,coca,cana
5317,9735.0,8747.0,8078.0,7614.0,11396.0,10857.0,8125.0,-71.90347482201395,1.2732525952619524,coca,cana
5320,12217.0,11344.0,10880.0,11291.0,10023.0,6507.0,5914.0,-75.46107413905139,0.44904868534013787,coca,cana
5422,11491.0,10446.0,9486.0,8930.0,11663.0,14743.0,13833.0,-75.19175577488548,0.9072135053837678,coca,cana
5469,10957.0,10164.0,9662.0,9293.0,17868.0,14727.0,9880.0,-72.47631794330759,2.135739541451457,coca,cana
5549,10096.0,9147.0,8397.0,7211.0,20559.0,11336.0,7453.0,-72.14774691988866,1.487147305782927,coca,cana
5658,9990.0,9119.0,8853.0,8405.0,15049.0,15305.0,10054.0,-72.07490390506106,1.3683260845984877,coca,cana
5876,18026.0,17479.0,17888.0,17825.0,31657.0,27660.0,19215.0,-72.77112624847162,1.793524481486785,coca,cana
5943,11400.0,10527.0,10565.0,9477.0,9068.0,8060.0,7120.0,-71.75351765998242,1.1459771241731889,coca,cana
6036,9613.0,8628.0,8029.0,6922.0,21332.0,10556.0,7025.0,-71.92223013665321,1.4530997577063554,coca,cana
6359,10391.0,9541.0,8978.0,8726.0,15921.0,15254.0,10407.0,-75.87865733321873,1.4573466161327104,coca,cana
6702,9546.0,8495.0,8053.0,6778.0,16881.0,9394.0,6606.0,-71.6443543890167,2.180876920693918,coca,cana
6792,22759.0,22752.0,22442.0,22877.0,30501.0,27584.0,21317.0,-72.75736477245187,1.912974558056542,coca,cana
7253,10211.0,9383.0,9253.0,8818.0,18209.0,13899.0,9181.0,-72.45628127125731,2.0249426339946694,coca,cana
7273,19717.0,19489.0,18483.0,18063.0,27912.0,20711.0,15631.0,-72.43473970020152,2.1786463556165026,coca,cana
7374,42699.0,44398.0,43572.0,46172.0,50738.0,28736.0,19572.0,-71.52331279531815,2.232073975476082,coca,cana
7496,10887.0,10040.0,9641.0,9260.0,16211.0,14608.0,9925.0,-72.48657566756548,2.207747680781788,coca,cana
7562,10792.0,9964.0,9303.0,8811.0,16170.0,13456.0,9250.0,-72.51183165565836,2.175251400891272,coca,cana
7683,13138.0,12635.0,13077.0,14104.0,20015.0,21407.0,18434.0,-75.15699479349708,1.3209909319448023,coca,cana
7692,11773.0,10858.0,10150.0,9796.0,8493.0,5643.0,5391.0,-74.45743802268882,1.9427250419342774,coca,cana
7717,9711.0,8780.0,8038.0,7090.0,15356.0,9687.0,6688.0,-75.9401032283055,1.369258512149539,coca,cana
7764,10606.0,9806.0,9292.0,8996.0,16415.0,15226.0,10434.0,-72.42575609048629,1.8955598191450949,coca,cana
7846,14579.0,14026.0,14021.0,13649.0,23661.0,20955.0,14487.0,-72.37112187512365,2.1853142190767545,coca,cana
7888,10288.0,9428.0,9096.0,8045.0,18780.0,15513.0,10385.0,-75.94739085890798,1.387709500580647,coca,cana
7979,10504.0,9706.0,9820.0,8803.0,19857.0,15517.0,9727.0,-72.52464610335372,2.168357996674576,coca,cana
7981,9950.0,8960.0,8366.0,7014.0,18213.0,9632.0,6431.0,-71.93579651876821,1.5726414091568295,coca,cana
8155,10299.0,9431.0,8931.0,8311.0,19695.0,15484.0,10220.0,-72.09115398569624,1.404533317229077,coca,cana
8381,12501.0,11607.0,10953.0,10819.0,14377.0,11835.0,9578.0,-75.45972570895981,0.4422635095510845,coca,cana
8402,12189.0,11313.0,10869.0,11160.0,8298.0,4855.0,4842.0,-75.46188280865287,0.4468773510158006,coca,cana
8412,23193.0,23270.0,22031.0,22922.0,28738.0,27544.0,21550.0,-72.73456184631189,1.9331490547426282,coca,cana
8423,10165.0,9243.0,8865.0,8195.0,17837.0,11105.0,7513.0,-72.09371248540083,1.404672056311539,coca,cana
8499,10563.0,9757.0,9442.0,8821.0,19629.0,14975.0,9576.0,-72.56880742572864,1.8324494816332428,coca,cana
8555,12132.0,11228.0,10841.0,11218.0,9985.0,6207.0,5615.0,-75.46269140240713,0.44348467056787466,coca,cana
8675,10576.0,9831.0,9802.0,8811.0,8903.0,5285.0,5078.0,-71.85236953676667,1.5337625576046712,coca,cana
8691,10705.0,9756.0,8568.0,8089.0,6381.0,7072.0,7683.0,-71.69486001040835,1.3377520856217984,coca,cana
8729,10222.0,9283.0,8991.0,8164.0,22017.0,14591.0,9406.0,-72.45982301470944,2.000273735995882,coca,cana
8762,10356.0,9499.0,9244.0,8835.0,19029.0,12992.0,8620.0,-72.54829475573584,2.0414909017861316,coca,cana
8763,10903.0,10076.0,9911.0,9280.0,20588.0,17079.0,10942.0,-75.85335778045774,1.2057800427593397,coca,cana
8856,9683.0,8645.0,8258.0,6972.0,19763.0,11304.0,7369.0,-71.84910687598972,1.461399379471051,coca,cana
8894,11018.0,10100.0,8776.0,8278.0,3948.0,8770.0,10861.0,-72.47403030327277,2.1337021279697783,coca,cana
9072,10761.0,10013.0,9534.0,9654.0,17102.0,16394.0,11317.0,-72.72512209804553,1.9374755765088867,coca,cana
9100,36011.0,37127.0,36164.0,37916.0,42692.0,29168.0,19178.0,-71.51719042184092,2.2014463129687116,coca,cana
9147,10772.0,9954.0,9543.0,9255.0,17148.0,15385.0,10374.0,-72.61517365109086,1.9228152698320589,coca,cana
9268,12035.0,11155.0,10705.0,10918.0,7987.0,5295.0,5068.0,-75.6004696502862,0.58582620549532,coca,cana
9389,11511.0,10560.0,9605.0,9361.0,12711.0,13548.0,11482.0,-75.26697700848453,0.812213164997968,coca,cana
9477,9538.0,8494.0,8133.0,6830.0,20622.0,11479.0,7296.0,-71.5930394674042,1.059089890740458,coca,cana
9523,12202.0,11408.0,10659.0,9947.0,16414.0,13482.0,9947.0,-72.43859596706433,2.129033728079957,coca,cana
9771,10103.0,9306.0,9217.0,8950.0,16876.0,16643.0,10836.0,-72.4025021316205,2.1959434451663067,coca,cana
9921,21767.0,21464.0,21098.0,21219.0,27058.0,24927.0,20939.0,-75.48255856333813,1.6577659560155162,coca,cana
10050,11321.0,10275.0,9454.0,9012.0,12526.0,15970.0,14060.0,-75.30431517339781,0.7419140091169973,coca,cana
10075,12106.0,11215.0,10760.0,11080.0,10791.0,6945.0,6074.0,-75.46201728921825,0.44172054558054186,coca,cana
10099,11493.0,10495.0,9972.0,9375.0,17828.0,15997.0,13031.0,-75.74581620286126,0.7996685718346888,coca,cana
10126,12222.0,11359.0,11261.0,10351.0,21452.0,16178.0,12851.0,-71.80567791010183,1.603338198216727,coca,cana
10150,12081.0,11339.0,10573.0,9499.0,27892.0,15117.0,9563.0,-72.45256258521033,1.900073647908576,coca,cana
10439,10155.0,9319.0,8912.0,8299.0,15259.0,13772.0,9710.0,-75.94779370658634,1.3836386310387412,coca,cana
10476,10036.0,9042.0,8661.0,7272.0,18950.0,10454.0,6759.0,-72.10784205554411,1.4132284205320442,coca,cana
10676,9778.0,8893.0,8432.0,7760.0,16976.0,14256.0,9109.0,-75.95197101696863,1.378209344728194,coca,cana
10817,11064.0,10215.0,10130.0,9443.0,21625.0,17045.0,10728.0,-72.53319303709327,2.21623229770919,coca,cana
10865,9711.0,8829.0,8820.0,7468.0,20650.0,13338.0,8373.0,-71.50621869708526,1.473892258811278,coca,cana
10880,21944.0,21898.0,22287.0,22678.0,29895.0,27635.0,23578.0,-71.52042986693931,2.198067513967813,coca,cana
10893,28645.0,29215.0,27955.0,28905.0,33588.0,22939.0,15755.0,-71.51692773035786,2.1986011176378315,coca,cana
11015,11678.0,10857.0,10989.0,10588.0,21227.0,18375.0,12781.0,-75.27373278105183,1.012246007654789,coca,cana
11034,12446.0,11827.0,12224.0,12634.0,22145.0,23352.0,18308.0,-75.02215704461727,1.185693907714031,coca,cana
11038,10374.0,9547.0,9164.0,8938.0,17143.0,15500.0,10353.0,-72.10623239643098,1.4080760761632873,coca,cana
11161,11830.0,10948.0,10705.0,10151.0,21736.0,17498.0,12080.0,-75.28331352642667,1.1057476955587233,coca,cana
11317,10800.0,10035.0,9908.0,8999.0,20258.0,13661.0,8908.0,-72.4725860245209,2.1102452138582457,coca,cana
11322,11015.0,10165.0,9262.0,8706.0,14301.0,13652.0,10166.0,-71.82129752476635,2.255110108021667,coca,cana
11458,10106.0,9121.0,8651.0,7333.0,20812.0,11015.0,7059.0,-71.89492915345633,1.5261011953394519,coca,cana
11467,9655.0,8667.0,8201.0,6863.0,18229.0,10533.0,7033.0,-71.89325067547371,1.4751476525757514,coca,cana
11511,10279.0,9546.0,8877.0,8962.0,13397.0,13465.0,8881.0,-72.39767487427483,2.181971570723091,coca,cana
11525,12815.0,11886.0,10999.0,10862.0,12478.0,9403.0,8023.0,-75.57609764665841,0.807973934127344,coca,cana
11894,9676.0,8758.0,8273.0,7310.0,21210.0,11862.0,7324.0,-71.74031666246569,1.4662560699329676,coca,cana
11940,9642.0,8652.0,8198.0,6761.0,19395.0,10073.0,6543.0,-72.51295209939789,1.454374979536692,coca,cana
12022,10897.0,9981.0,9131.0,8274.0,14952.0,10788.0,8212.0,-71.81780691262853,2.2498180243890107,coca,cana
12059,12178.0,11234.0,10650.0,10872.0,9559.0,6266.0,5766.0,-75.45527752924808,0.4463349448815859,coca,cana
12069,9874.0,8777.0,8126.0,6813.0,20415.0,8795.0,6196.0,-72.51993668091029,1.9910112366447459,coca,cana
12077,10695.0,9876.0,9853.0,8772.0,23121.0,17902.0,11344.0,-72.51183165565836,2.175251400891272,coca,cana
12086,9685.0,8703.0,8195.0,7008.0,16502.0,10518.0,7152.0,-71.9357703533638,1.4964826887559068,coca,cana
12104,8814.0,7994.0,7214.0,6377.0,14246.0,9361.0,6439.0,-72.54181847953303,2.216382310500828,coca,cana
12181,10917.0,9991.0,8748.0,8248.0,10273.0,9808.0,8833.0,-72.46847599380213,2.2315779321396128,coca,cana
12182,10861.0,10172.0,9794.0,9698.0,15647.0,17109.0,12523.0,-72.41817949058621,1.9165617872736835,coca,cana
12194,10255.0,9422.0,8931.0,8429.0,15950.0,12215.0,8564.0,-71.91738372191993,1.4524155448856197,coca,cana
12376,11480.0,10460.0,9490.0,9343.0,4006.0,3029.0,4261.0,-75.198392041351,1.3527436590660107,coca,cana
12384,11710.0,10827.0,10001.0,10095.0,12340.0,16622.0,13312.0,-75.63858129888247,1.164993380685629,coca,cana
12414,9949.0,9022.0,9106.0,7640.0,20888.0,12849.0,8041.0,-72.43997895803447,2.1074801133873393,coca,cana
12500,9998.0,9013.0,8216.0,7052.0,16869.0,9320.0,6687.0,-72.17413765515627,1.3828134396009382,coca,cana
12750,11790.0,10897.0,10737.0,10729.0,5009.0,7277.0,7837.0,-75.2510966083481,1.1769972371432134,coca,cana
12824,11739.0,10855.0,10329.0,10211.0,5416.0,4007.0,4522.0,-75.26794961402324,1.1717030609072452,coca,cana
13116,11581.0,10648.0,9507.0,9056.0,8513.0,10613.0,10765.0,-74.80936764962978,1.5436855514248975,coca,cana
13157,11669.0,10762.0,10444.0,10185.0,4232.0,2822.0,3810.0,-75.07527957018544,1.169679303519964,coca,cana
13582,10244.0,9282.0,8665.0,7386.0,21447.0,10734.0,6899.0,-71.87849970553953,1.5277033202102923,coca,cana
13590,9952.0,8908.0,9281.0,7119.0,30122.0,16274.0,9757.0,-72.54508677246531,1.9324772590971042,coca,cana
13666,10701.0,9847.0,9159.0,8703.0,15875.0,14350.0,10885.0,-75.91774330239087,1.4220511827971671,coca,cana
13730,9710.0,8850.0,9212.0,7810.0,22985.0,12353.0,7163.0,-71.93233302478069,1.4499967929418138,coca,cana
13856,14808.0,14391.0,13834.0,13774.0,22565.0,18686.0,15406.0,-71.54748172638385,2.144623838543122,coca,cana
13912,9497.0,8422.0,7993.0,6633.0,19982.0,10389.0,6823.0,-71.68933602184785,1.3414025757708363,coca,cana
14087,10346.0,9454.0,8976.0,8306.0,14715.0,13114.0,9493.0,-75.88067955050278,1.4568030505645122,coca,cana
14133,9994.0,9034.0,8200.0,7197.0,16872.0,10122.0,6953.0,-72.02268181139128,0.7878081221706623,coca,cana
14199,9963.0,8977.0,8717.0,7624.0,20173.0,12992.0,8827.0,-71.67317264616355,1.4444799554810828,coca,cana
14200,10793.0,9952.0,9381.0,8887.0,16001.0,13540.0,9090.0,-72.4984220464516,2.13401339437848,coca,cana
14214,10592.0,9801.0,9830.0,9065.0,8170.0,6138.0,5854.0,-71.87188309010153,1.5407021519357573,coca,cana
14236,10426.0,9554.0,9278.0,8194.0,24297.0,14262.0,8843.0,-72.4254916209901,1.8921701579265715,coca,cana
14386,9542.0,8465.0,8333.0,6711.0,22902.0,10973.0,6839.0,-71.68745510868925,1.3386903927243623,coca,cana
14397,13870.0,13275.0,12131.0,12150.0,20010.0,17183.0,13549.0,-71.43958816376525,2.221172147285933,coca,cana
14519,10444.0,9511.0,9190.0,7905.0,18896.0,11978.0,8016.0,-75.94941764211475,1.3988352763497611,coca,cana
14584,10144.0,9167.0,8457.0,7425.0,13773.0,7408.0,5503.0,-72.51728233720385,1.4366187005021291,coca,cana
14596,10575.0,9628.0,9558.0,9563.0,16210.0,11582.0,8219.0,-72.51378357206221,2.135123095389571,coca,cana
14616,17009.0,16337.0,15937.0,15691.0,22576.0,19826.0,15929.0,-75.91415354314539,1.54512473925212,coca,cana
14708,9624.0,8609.0,8236.0,6880.0,20083.0,10906.0,7113.0,-71.85531282837765,1.5466397279349775,coca,cana
14749,10086.0,9248.0,8900.0,8341.0,18553.0,14070.0,8733.0,-72.43566739928168,2.1878667941530145,coca,cana
14856,10491.0,9803.0,9999.0,9692.0,20017.0,19086.0,12408.0,-72.47403030327277,2.1337021279697783,coca,cana
15024,10574.0,9742.0,9355.0,9192.0,17715.0,16888.0,11125.0,-72.43466052889754,1.9773227603675145,coca,cana
15099,9638.0,8762.0,8241.0,6919.0,17220.0,12923.0,8427.0,-72.54276079670699,2.2170617961329366,coca,cana
15137,10757.0,9985.0,10133.0,8924.0,11664.0,7475.0,5963.0,-71.6970244726025,1.3297615686397806,coca,cana
15139,10401.0,9518.0,9219.0,8532.0,19093.0,14399.0,9374.0,-72.4337171065169,1.9774568640874755,coca,cana
15338,9778.0,8941.0,9201.0,8104.0,23719.0,13172.0,8283.0,-71.79962460065661,1.313773686956077,coca,cana
15412,10752.0,9769.0,9276.0,8319.0,19845.0,13567.0,9944.0,-75.31778402697229,1.7609363201950141,coca,cana
15451,13475.0,12677.0,12530.0,12311.0,21848.0,18345.0,12561.0,-72.73247852616575,1.9791151269519087,coca,cana
15556,10002.0,9031.0,8311.0,7152.0,15634.0,8746.0,6103.0,-72.51295209939789,1.454374979536692,coca,cana
15709,10242.0,9350.0,9254.0,8360.0,20881.0,15229.0,9643.0,-72.4104986140396,1.9170923910925777,coca,cana
15745,10386.0,9500.0,9220.0,8468.0,18140.0,11594.0,7864.0,-72.0529307160242,1.273971175645412,coca,cana
15915,11660.0,10742.0,10296.0,10064.0,5144.0,3418.0,4209.0,-75.26754501501193,1.170481730991066,coca,cana
15967,10757.0,9847.0,9592.0,8746.0,19444.0,13783.0,8886.0,-72.46482121081304,2.078372484325526,coca,cana
15992,10309.0,9380.0,8924.0,8694.0,18196.0,17088.0,12392.0,-72.4605832389168,1.422862900892999,coca,cana
16018,14310.0,13663.0,13664.0,13076.0,25524.0,22948.0,15693.0,-72.53845132260322,1.8602021623610978,coca,cana
16085,10859.0,10059.0,9500.0,9246.0,17652.0,16122.0,10680.0,-72.57532421149162,2.1662711615913883,coca,cana
16143,10343.0,9516.0,9172.0,8664.0,20725.0,14214.0,9195.0,-72.4712728176278,2.0028674655003313,coca,cana
16247,11303.0,10276.0,9135.0,8995.0,8563.0,16205.0,15718.0,-75.33747541242658,0.6998423809507262,coca,cana
16260,10482.0,9647.0,9144.0,8758.0,17018.0,16182.0,10683.0,-72.51027855843087,2.135795283181013,coca,cana
16272,10447.0,9549.0,9176.0,8333.0,18179.0,13544.0,8778.0,-72.49777006525447,1.9455588496887064,coca,cana
16300,10486.0,9644.0,9186.0,8530.0,15753.0,12164.0,8545.0,-72.7579186118791,1.9015845642132296,coca,cana
16447,26625.0,26774.0,26427.0,27103.0,32149.0,29720.0,25357.0,-75.65438246980287,1.7301799221142964,coca,cana
16482,9920.0,8963.0,8798.0,7656.0,20456.0,13545.0,8409.0,-72.41697516902816,1.9110016024960954,coca,cana
16508,10578.0,9714.0,9304.0,9018.0,18161.0,15420.0,10219.0,-71.79907019342173,1.4270476413190523,coca,cana
16574,10127.0,9344.0,9646.0,9164.0,19760.0,13292.0,9296.0,-72.29593896135782,2.1804354430181494,coca,cana
16686,10674.0,9764.0,9599.0,8937.0,19110.0,14454.0,9699.0,-75.30604612014646,1.7308114542147677,coca,cana
16696,10075.0,9134.0,8399.0,7355.0,15419.0,9800.0,6930.0,-72.51230298611874,1.4318679385314568,coca,cana
16755,9627.0,8612.0,8082.0,6732.0,23212.0,11917.0,7422.0,-72.10445228384323,1.5352053110750712,coca,cana
16773,9914.0,8894.0,8680.0,7230.0,17932.0,9888.0,6903.0,-71.82848436793986,2.232904052262837,coca,cana
16831,12009.0,11184.0,10671.0,10281.0,16791.0,16578.0,12331.0,-75.41227780846118,1.5463680395867225,coca,cana
16903,9497.0,8497.0,7919.0,6687.0,17569.0,10218.0,6936.0,-71.77087459816688,1.1530424958808374,coca,cana
16981,13205.0,12581.0,11770.0,11249.0,18952.0,16138.0,13436.0,-71.43703033675973,2.221030495471982,coca,cana
17131,11594.0,10700.0,10457.0,9882.0,20481.0,18115.0,12652.0,-75.18609445900096,0.9267558465073289,coca,cana
17143,10938.0,10103.0,9574.0,9034.0,17282.0,13106.0,9001.0,-72.411608253954,2.1506793769197374,coca,cana
17152,9918.0,8960.0,9149.0,8045.0,24278.0,13809.0,8440.0,-72.50230790768637,1.9749861779149862,coca,cana
17207,9983.0,8986.0,8357.0,7424.0,16339.0,10713.0,7534.0,-71.85232824760088,2.2317361223407786,coca,cana
17392,10288.0,9379.0,8566.0,8108.0,13663.0,12531.0,9084.0,-75.90533191885172,1.4027878732828145,coca,cana
17516,15864.0,15207.0,14804.0,14520.0,18481.0,16964.0,14286.0,-71.52198535689676,2.223943408984978,coca,cana
17621,12009.0,11220.0,11386.0,11614.0,11645.0,16288.0,13335.0,-75.2808885382907,1.1252898144452739,coca,cana
17638,42202.0,43819.0,45052.0,47791.0,53223.0,32922.0,21627.0,-71.51887436109818,2.2298961025257014,coca,cana
17657,10611.0,9701.0,9165.0,8451.0,16264.0,11705.0,8149.0,-72.51256889880379,2.0507906687887902,coca,cana
17720,10434.0,9516.0,9288.0,8065.0,19400.0,11113.0,7470.0,-72.53204016122193,2.007434894335087,coca,cana
17725,9942.0,9000.0,8286.0,7111.0,20611.0,11269.0,7295.0,-72.22540103889392,1.5327913863519993,coca,cana
17784,10791.0,9909.0,9452.0,9053.0,17390.0,14451.0,9763.0,-75.30496902051063,1.7419395636130748,coca,cana
17806,9421.0,8522.0,8093.0,6928.0,22973.0,13304.0,8155.0,-72.48157729300816,2.2147891272773337,coca,cana
17888,10351.0,9440.0,9260.0,7992.0,20774.0,13579.0,8745.0,-72.50078344205525,1.912075455051912,coca,cana
17999,11123.0,10274.0,9060.0,8572.0,12924.0,9572.0,7988.0,-72.12689707268243,1.3580885266140001,coca,cana
18207,10183.0,9370.0,9604.0,8977.0,21210.0,18782.0,11945.0,-72.5228987182738,2.1655079307138747,coca,cana
18272,10769.0,9857.0,9156.0,8529.0,11949.0,13912.0,12465.0,-75.83753394206398,1.4561411333305292,coca,cana
18449,9849.0,9014.0,9487.0,8203.0,23835.0,13720.0,8603.0,-71.87857641974162,1.3736326634166547,coca,cana
18481,11648.0,10725.0,10368.0,9977.0,3664.0,1850.0,2949.0,-75.07258301097393,1.1704936291775023,coca,cana
18489,9337.0,8413.0,7598.0,6648.0,14258.0,8910.0,6333.0,-72.02443089290551,2.3246596035799825,coca,cana
18575,10269.0,9418.0,8886.0,8463.0,16528.0,14045.0,9990.0,-75.93997736123804,1.3920545742405526,coca,cana
18632,10065.0,9102.0,8540.0,7350.0,19195.0,10673.0,7090.0,-71.94237791865135,1.584169859137788,coca,cana
18749,11038.0,10247.0,9763.0,9385.0,16822.0,16516.0,10956.0,-72.47631661491263,2.136552993281155,coca,cana
18879,10428.0,9621.0,9325.0,8766.0,18441.0,17666.0,11856.0,-75.95022179363092,1.3868942170012324,coca,cana
18923,10030.0,9051.0,8239.0,7195.0,19831.0,10888.0,7252.0,-72.17951149089743,1.393934450784399,coca,cana
18975,9649.0,8764.0,9460.0,8199.0,26507.0,13339.0,8242.0,-72.46565440522373,2.226556789414856,coca,cana
18980,11131.0,10233.0,9740.0,9451.0,14696.0,19295.0,15200.0,-75.94460545273874,1.4988409749278455,coca,cana
19155,11717.0,10810.0,10296.0,10022.0,2564.0,1710.0,2944.0,-75.09604361595404,1.180942507720617,coca,cana
19209,10539.0,9623.0,8790.0,8325.0,13912.0,12102.0,8895.0,-72.03309095051293,1.1937167845818062,coca,cana
19278,10942.0,9993.0,9291.0,9044.0,13246.0,14339.0,11109.0,-71.46165244227056,2.1712451869095033,coca,cana
19438,9710.0,8721.0,8178.0,7259.0,18445.0,13208.0,9164.0,-72.46058531446418,1.4209648550970866,coca,cana
19456,10535.0,9806.0,9837.0,9353.0,20797.0,14269.0,9205.0,-72.35937732490116,1.8654996839777498,coca,cana
19670,10755.0,9798.0,9343.0,8883.0,20571.0,13698.0,8940.0,-75.31251709380567,1.7165612159619594,coca,cana
19740,22415.0,22304.0,21831.0,22224.0,28896.0,25471.0,21007.0,-75.51426839915953,1.731987477122331,coca,cana
19759,10461.0,9605.0,9106.0,8639.0,17393.0,14524.0,9570.0,-72.42791109140279,1.8961053259584848,coca,cana
20007,14138.0,13318.0,13570.0,12890.0,20660.0,19578.0,16260.0,-71.44080446465433,2.2192788684410023,coca,cana
20078,10783.0,9979.0,9868.0,9045.0,9567.0,6338.0,5713.0,-71.78141436582122,1.4408431727172348,coca,cana
20323,12669.0,11982.0,12281.0,13327.0,19210.0,18183.0,15211.0,-75.14755593886451,1.3156988812745178,coca,cana
20528,10827.0,10017.0,9649.0,9099.0,18269.0,13868.0,9292.0,-72.47337614181643,2.121634838536203,coca,cana
20662,11593.0,10779.0,10767.0,9911.0,23732.0,21006.0,14087.0,-75.1309787571278,1.4552082034518194,coca,cana
20720,11005.0,10054.0,9177.0,9300.0,9593.0,14824.0,12093.0,-75.45855509514305,1.6591287371162875,coca,cana
20786,6713.0,6544.0,6245.0,5962.0,8841.0,7873.0,5707.0,-72.47090093415032,2.232124429621948,coca,cana
20908,10771.0,9955.0,9771.0,9106.0,19763.0,14781.0,9539.0,-72.42987093985408,2.1082767849121486,coca,cana
20952,22998.0,23253.0,21722.0,22523.0,32492.0,25005.0,19552.0,-72.28072516019536,1.3341389199488964,coca,cana
20962,9960.0,9037.0,9465.0,7452.0,31272.0,13356.0,7929.0,-72.26387082533682,2.1796993663635336,coca,cana
21124,10779.0,9982.0,9491.0,9111.0,16860.0,15473.0,10046.0,-72.52269487093436,2.1246978742253417,coca,cana
21291,10242.0,9475.0,8804.0,8853.0,15851.0,13818.0,9260.0,-71.95097608854157,1.5038218739304123,coca,cana
21377,10590.0,9707.0,9027.0,8547.0,17508.0,13922.0,9285.0,-72.50988982722114,2.0403468710360393,coca,cana
21441,14550.0,14128.0,12306.0,12071.0,20309.0,14670.0,11534.0,-71.55224547131756,2.1217417047381937,coca,cana
21478,10283.0,9421.0,9029.0,8472.0,18416.0,15126.0,9796.0,-72.46482121081304,2.078372484325526,coca,cana
21497,10722.0,9881.0,9317.0,9236.0,14227.0,16777.0,11924.0,-71.89051091132055,1.5084787423173862,coca,cana
21595,10263.0,9311.0,8283.0,7782.0,11217.0,11353.0,10238.0,-75.85719301931692,0.9381903666166866,coca,cana
21611,14145.0,13427.0,12906.0,12329.0,23722.0,18650.0,14276.0,-72.38078599473022,1.874479239626306,coca,cana
21647,23686.0,23730.0,22395.0,22822.0,28752.0,25269.0,20199.0,-72.73684882506745,1.9362709660467479,coca,cana
21702,10842.0,10020.0,9539.0,9361.0,17150.0,14876.0,10097.0,-72.74713959675883,2.0008316682926406,coca,cana
21847,11971.0,11256.0,11421.0,10182.0,25421.0,16871.0,10860.0,-72.3673572164199,2.1804272812990315,coca,cana
21931,10845.0,9966.0,9440.0,8931.0,16031.0,13734.0,9291.0,-72.49666857009227,2.1349595680941964,coca,cana
22025,17171.0,16278.0,16572.0,16336.0,23824.0,23035.0,19155.0,-75.40640244692375,1.8255145544116405,coca,cana
22219,10268.0,9384.0,8970.0,8313.0,18027.0,13186.0,8786.0,-72.3652853548474,2.1314851154696,coca,cana
22254,10533.0,9685.0,9175.0,9317.0,15856.0,17726.0,12141.0,-72.10852209849398,1.407807867196113,coca,cana
22397,10552.0,9899.0,9942.0,10156.0,21271.0,16768.0,10729.0,-72.40637375442076,2.1381981564056947,coca,cana
22542,10478.0,9633.0,9690.0,10194.0,18850.0,17634.0,11403.0,-72.49666857009227,2.1349595680941964,coca,cana
22580,10789.0,9904.0,9485.0,8737.0,18628.0,13409.0,8832.0,-72.4329336577612,2.2103668753738908,coca,cana
22639,10486.0,9555.0,9017.0,8071.0,17820.0,13738.0,10411.0,-75.92625545881617,1.466961485435244,coca,cana
22659,9285.0,8230.0,7198.0,6218.0,7381.0,5335.0,5072.0,-71.88959787557737,1.1642873354091647,coca,cana
22745,11093.0,10289.0,9566.0,9521.0,15158.0,18663.0,13704.0,-75.295262026516,1.761211459162873,coca,cana
22804,11751.0,10839.0,10482.0,10469.0,3451.0,3608.0,4780.0,-75.2543324102095,1.176182695348118,coca,cana
22962,9458.0,8431.0,7538.0,6579.0,13273.0,8107.0,6206.0,-71.91936592182279,1.150769073570601,coca,cana
23118,9506.0,8527.0,8051.0,7441.0,16644.0,9893.0,6842.0,-72.45216338621005,1.9865688786649678,coca,cana
23221,10502.0,9713.0,9542.0,9171.0,19415.0,14831.0,9434.0,-72.42791469389873,1.893665055581884,coca,cana
23291,11591.0,10754.0,10705.0,10764.0,16211.0,19762.0,14780.0,-75.70712187236239,0.7652079061586571,coca,cana
23469,23296.0,23128.0,22562.0,22805.0,28608.0,25153.0,19855.0,-75.90821946285374,1.5417350108811088,coca,cana
23739,10461.0,9600.0,9106.0,8549.0,16823.0,12979.0,8839.0,-72.39026795618962,1.8399239375403267,coca,cana
23757,10772.0,9809.0,8991.0,8593.0,9069.0,8404.0,7582.0,-75.90590046464804,1.4768753690819316,coca,cana
23869,23309.0,23084.0,22687.0,22803.0,32655.0,28304.0,22662.0,-72.74857992032379,1.9318117896585039,coca,cana
23874,17833.0,17574.0,15828.0,15708.0,23998.0,18327.0,13802.0,-75.48004075690065,1.832824285501366,coca,cana
23941,9913.0,9134.0,9160.0,9200.0,17556.0,14398.0,9768.0,-72.45324115892384,1.9867061244473438,coca,cana
23971,11363.0,10413.0,9374.0,9251.0,12141.0,15233.0,13656.0,-74.24777659770453,1.8004343017671836,coca,cana
24030,10377.0,9532.0,9820.0,8405.0,21936.0,10950.0,6736.0,-72.36288132696951,2.0376709646268685,coca,cana
24271,12464.0,11644.0,10920.0,10287.0,19591.0,16478.0,12509.0,-71.52589765193248,2.1624550393375674,coca,cana
24332,14205.0,13647.0,12293.0,12117.0,22717.0,15623.0,12074.0,-75.57173851447281,1.8017215446294488,coca,cana
24410,9860.0,8865.0,8266.0,7235.0,14701.0,9288.0,6818.0,-71.71757684827296,2.259349357299696,coca,cana
24900,11653.0,10844.0,10639.0,10700.0,18637.0,18509.0,13260.0,-75.02282992095226,1.0185001807562069,coca,cana
25024,10434.0,9684.0,9619.0,9691.0,16437.0,18357.0,12202.0,-72.42683657388923,2.1502985800170507,coca,cana
25094,11404.0,10369.0,9611.0,8841.0,16471.0,14974.0,12695.0,-75.25957299761234,0.9656993704381683,coca,cana
25256,12719.0,12174.0,12403.0,13714.0,14620.0,16590.0,15013.0,-75.13717315963936,1.3083712130818164,coca,cana
25258,9725.0,8803.0,8129.0,7161.0,15745.0,11529.0,7858.0,-71.83058601405409,2.2577049833592224,coca,cana
25321,10556.0,9691.0,9346.0,8496.0,18925.0,13341.0,8685.0,-72.47127302560948,2.0027318904971563,coca,cana
25555,11001.0,10206.0,9994.0,9733.0,18396.0,15312.0,10221.0,-72.4296941741255,2.2133437905844864,coca,cana
25572,10635.0,9754.0,9467.0,8714.0,18176.0,13685.0,8849.0,-72.73234780319369,1.9761317174533504,coca,cana
25648,9716.0,8765.0,8943.0,7486.0,27897.0,14548.0,8755.0,-71.9813410143946,1.2352645975684926,coca,cana
25729,9509.0,8503.0,7210.0,6820.0,0.0,3634.0,5009.0,-71.59842624640973,1.0559800724886013,coca,cana
26016,11956.0,11143.0,10187.0,9276.0,19676.0,14322.0,10915.0,-72.40703720321758,1.5936199557688653,coca,cana
26233,12572.0,11858.0,11609.0,12665.0,14198.0,13056.0,12060.0,-75.22784946016021,1.9110417557487034,coca,cana
26316,9413.0,8365.0,7314.0,6487.0,8441.0,6032.0,5483.0,-71.59519429611387,1.0577375943169718,coca,cana
26317,13366.0,13066.0,13690.0,15065.0,24340.0,24925.0,20955.0,-75.26889327879647,1.1703458935851179,coca,cana
26370,10818.0,9999.0,9400.0,9022.0,16072.0,13672.0,9509.0,-72.51371687813706,2.1762035843107954,coca,cana
26372,14246.0,13726.0,13705.0,13244.0,23068.0,21288.0,14533.0,-72.4725860245209,2.1102452138582457,coca,cana
26436,10206.0,9351.0,8809.0,8170.0,16544.0,13126.0,8928.0,-72.09183150578997,1.4011458377567585,coca,cana
26505,12291.0,11365.0,10600.0,10494.0,7464.0,5028.0,5080.0,-76.21467543602196,0.39292633680985367,coca,cana
26583,9672.0,8693.0,7823.0,7008.0,17768.0,10141.0,6767.0,-71.91774757817636,1.576002428556382,coca,cana
26833,10217.0,9399.0,9100.0,9301.0,16229.0,18799.0,12685.0,-72.43861895885583,2.1150698799674013,coca,cana
26863,9857.0,8897.0,7939.0,6950.0,16410.0,9528.0,6697.0,-72.18926490922833,1.4581943838178015,coca,cana
26866,10330.0,9497.0,9188.0,8735.0,18450.0,15346.0,9884.0,-72.10286568754229,1.408071864827293,coca,cana
26874,10710.0,9903.0,9580.0,9103.0,19222.0,17064.0,11009.0,-72.42178996169348,2.0220408197672204,coca,cana
26916,15238.0,14545.0,14085.0,13979.0,22862.0,18578.0,14143.0,-72.74089611307538,1.9331575480435994,coca,cana
27122,10615.0,9678.0,9106.0,8849.0,14356.0,13725.0,9951.0,-75.3365256025909,1.736913034297489,coca,cana
27244,12870.0,12144.0,11345.0,10683.0,19109.0,15562.0,12240.0,-71.4390531758274,2.2196809579144836,coca,cana
27282,10376.0,9482.0,8974.0,8480.0,17612.0,14540.0,9661.0,-72.4934978012319,2.095365741301499,coca,cana
27284,10548.0,9691.0,8874.0,8657.0,11976.0,11696.0,9487.0,-71.68799918570039,1.3344912217008424,coca,cana
27376,11000.0,10255.0,9721.0,9733.0,16791.0,18048.0,12226.0,-72.53801661383828,2.1508898580909155,coca,cana
27470,9899.0,9036.0,8402.0,8292.0,14330.0,14726.0,9710.0,-71.86094654624786,1.3677827227205082,coca,cana
27525,10004.0,9041.0,8233.0,7233.0,19273.0,10664.0,7091.0,-72.1735328455638,1.4375720353434787,coca,cana
27624,10015.0,9013.0,8427.0,7203.0,20905.0,11009.0,7129.0,-71.92515425279686,1.5756069173952691,coca,cana
27634,40326.0,41831.0,40886.0,42984.0,47103.0,30105.0,20764.0,-71.51672184319074,2.229078239528937,coca,cana
27760,33363.0,34054.0,35310.0,36741.0,42824.0,38044.0,30841.0,-75.5070980565184,1.6435109466508513,coca,cana
27795,13688.0,13013.0,12613.0,12648.0,20961.0,17953.0,14649.0,-75.56274703055753,0.7735072915458291,coca,cana
27888,9522.0,8517.0,7803.0,6717.0,18458.0,10721.0,7146.0,-71.94759441409177,1.1919963446236976,coca,cana
28132,10305.0,9251.0,8749.0,7368.0,25301.0,11280.0,7511.0,-72.58534043279906,1.8628435307562237,coca,cana
28199,22018.0,22246.0,21853.0,22583.0,31296.0,28195.0,23271.0,-71.52308948981673,2.212432188494674,coca,cana
28350,11409.0,10478.0,10010.0,9446.0,17684.0,17016.0,12826.0,-75.37010466106793,0.7675575131799488,coca,cana
28358,10083.0,9114.0,8403.0,7229.0,18731.0,10395.0,7006.0,-72.6982438020369,1.7748567099218822,coca,cana
28364,12348.0,11636.0,11770.0,12513.0,18039.0,19928.0,15680.0,-74.84539661226893,1.1608549719828805,coca,cana
28439,10323.0,9357.0,9391.0,8362.0,19899.0,14107.0,8959.0,-72.46778888052773,2.0764792277824626,coca,cana
28544,12574.0,11968.0,12298.0,13274.0,14068.0,20293.0,17628.0,-75.29154416336439,1.1689865424282857,coca,cana
28555,11732.0,10738.0,9619.0,9280.0,9650.0,11513.0,11386.0,-74.69952332467638,1.0601483305005832,coca,cana
28652,9472.0,8559.0,9449.0,7048.0,33596.0,14193.0,7753.0,-72.29540142624182,2.179621135262482,coca,cana
28686,20959.0,20722.0,20136.0,20513.0,28197.0,23768.0,18028.0,-75.51655672337965,1.7162453112164204,coca,cana
28777,10609.0,9945.0,10255.0,9932.0,24452.0,21437.0,13149.0,-72.43863471731646,2.18638060723235,coca,cana
28934,10564.0,9711.0,9409.0,9055.0,19963.0,17896.0,11396.0,-72.48092901806139,2.199603500994021,coca,cana
28956,30004.0,30505.0,30332.0,31146.0,38736.0,32703.0,26280.0,-75.92640967654651,1.5133677258727074,coca,cana
29002,10769.0,10040.0,10065.0,9103.0,8567.0,6168.0,5551.0,-71.71774844347671,1.3346668800138053,coca,cana
29174,12890.0,12394.0,12856.0,13962.0,21053.0,22186.0,18637.0,-75.12853721475769,1.1746985825145566,coca,cana
29197,12979.0,12581.0,13226.0,14273.0,22284.0,23799.0,20152.0,-75.24476002664862,1.1809333326513367,coca,cana
29319,10441.0,9511.0,8736.0,7979.0,6600.0,5586.0,5588.0,-71.88171515336899,1.5388195744120063,coca,cana
29342,11181.0,10386.0,9813.0,9386.0,20472.0,14932.0,9601.0,-72.47915178881017,1.9609866426202507,coca,cana
29559,9171.0,8215.0,7546.0,7571.0,9539.0,15059.0,11887.0,-72.42242472765165,1.8703387544743577,coca,cana
29565,10550.0,9630.0,9128.0,8483.0,17158.0,13258.0,8877.0,-71.78452921132703,1.4277046826116853,coca,cana
29710,10318.0,9425.0,8716.0,7675.0,14924.0,10190.0,6927.0,-71.7392263416862,1.1658775252352953,coca,cana
29881,9863.0,9020.0,8593.0,8102.0,15824.0,12363.0,8432.0,-71.75700898841393,1.4672289222642114,coca,cana
30174,11694.0,10866.0,10491.0,10193.0,6059.0,3704.0,4391.0,-75.11316659311888,1.1719850741518005,coca,cana
30198,9822.0,8946.0,8998.0,8029.0,19930.0,14610.0,9093.0,-71.77818535977752,1.439348150296432,coca,cana
30294,13672.0,13063.0,12792.0,11705.0,26097.0,18076.0,11727.0,-72.4458595170019,2.2171679213901863,coca,cana
30334,18005.0,17750.0,17281.0,17395.0,24645.0,21277.0,18488.0,-71.56431204298345,2.1450683619735385,coca,cana
30398,10679.0,9886.0,9350.0,9035.0,16913.0,15762.0,10603.0,-72.62750738022409,1.871036667723405,coca,cana
30496,10604.0,9649.0,9401.0,7779.0,24490.0,12500.0,7732.0,-72.5228987182738,2.1655079307138747,coca,cana
30617,10435.0,9459.0,8932.0,7906.0,14695.0,12613.0,9518.0,-75.93636794872856,1.4680427748028382,coca,cana
30740,11775.0,10904.0,10409.0,10296.0,2190.0,2003.0,3175.0,-75.10507701623027,1.1763280762517099,coca,cana
30779,10777.0,9830.0,8586.0,8244.0,8240.0,11180.0,10446.0,-75.30132845837973,1.746282762642833,coca,cana
30830,10732.0,9825.0,9388.0,9082.0,17726.0,14514.0,9902.0,-75.35324903702681,1.740981139702167,coca,cana
30917,10635.0,9840.0,9498.0,9237.0,17589.0,13720.0,9255.0,-72.73153713021162,1.9776222174795688,coca,cana
30952,11257.0,10333.0,9600.0,8523.0,19705.0,12332.0,8938.0,-71.73656485026972,2.260476313917894,coca,cana
31026,10208.0,9356.0,9079.0,8516.0,16709.0,14027.0,9932.0,-75.9480644284837,1.386352326739146,coca,cana
31072,10027.0,9060.0,8258.0,7264.0,17820.0,10661.0,7279.0,-72.25650050208618,1.4352340004295905,coca,cana
31126,10797.0,9992.0,9689.0,9405.0,17661.0,16754.0,11043.0,-72.548275166803,2.054371277877124,coca,cana
31158,32882.0,33617.0,33275.0,34465.0,39524.0,28447.0,21346.0,-71.52523095256902,2.2179909872745958,coca,cana
31180,20647.0,20303.0,20716.0,20454.0,27753.0,23677.0,19295.0,-72.75831046429197,1.911212951444986,coca,cana
31204,10728.0,9962.0,9576.0,9427.0,17842.0,15253.0,10236.0,-72.73652067206682,1.9799342938775335,coca,cana
31213,10144.0,9231.0,9188.0,8312.0,20825.0,15824.0,9771.0,-72.52898463511474,2.152366560512228,coca,cana
31244,12744.0,11767.0,10853.0,10983.0,7725.0,5432.0,5286.0,-75.56288324155244,0.7840920966824592,coca,cana
31395,10417.0,9521.0,8987.0,8654.0,16273.0,13516.0,9040.0,-72.48865634469365,2.089121394855422,coca,cana
31459,10538.0,9720.0,9193.0,9044.0,17149.0,15274.0,10295.0,-72.43541559907146,1.9236375791763853,coca,cana
31469,10748.0,9907.0,9456.0,9021.0,18472.0,15636.0,10388.0,-72.45668108002127,2.0277903143189944,coca,cana
31708,11955.0,10938.0,9840.0,9885.0,7908.0,13144.0,13213.0,-75.23572960697322,1.217032433746246,coca,cana
31880,9605.0,8648.0,8337.0,6972.0,24156.0,11675.0,7196.0,-71.93122601214958,1.4719484128503328,coca,cana
31894,11678.0,10717.0,9653.0,9445.0,9650.0,12327.0,12479.0,-75.30690515709989,1.0798252503060353,coca,cana
31955,11608.0,10628.0,9697.0,9456.0,4242.0,4300.0,5107.0,-75.12490308384089,1.3079647319747136,coca,cana
32041,10114.0,9129.0,8334.0,7243.0,18545.0,10036.0,6904.0,-72.16203790841087,1.475373749603936,coca,cana
32146,21878.0,21622.0,22574.0,23245.0,30453.0,28795.0,22285.0,-75.51402846807241,1.839192829213278,coca,cana
32229,10261.0,9381.0,9186.0,8545.0,17872.0,14801.0,9605.0,-72.42257363277388,2.200587785665774,coca,cana
32272,19867.0,19699.0,19355.0,20142.0,28636.0,28511.0,23156.0,-72.37139633752629,2.182467850289801,coca,cana
32331,11137.0,10320.0,10378.0,10271.0,18863.0,22360.0,15030.0,-72.67874123372378,1.7450009401656734,coca,cana
32348,11487.0,10456.0,9182.0,9066.0,6760.0,13861.0,14799.0,-75.30838316399034,1.0285277530313968,coca,cana
32363,9805.0,8765.0,8375.0,7189.0,15793.0,8870.0,6122.0,-72.40407485664927,1.5925316496938604,coca,cana
32379,11127.0,10162.0,9332.0,8963.0,12705.0,14546.0,11993.0,-75.59212558662843,0.703480940090956,coca,cana
32389,11510.0,10575.0,10326.0,9779.0,16905.0,16604.0,12830.0,-75.24730460476371,0.9674644956823305,coca,cana
32411,33128.0,34101.0,34650.0,36336.0,43965.0,36829.0,28197.0,-72.75978749838252,1.9154186150741528,coca,cana
32615,10839.0,10003.0,9516.0,9005.0,17019.0,16158.0,11052.0,-75.30577197881527,1.702991657987056,coca,cana
32703,9774.0,8730.0,7799.0,6860.0,22891.0,10243.0,6491.0,-72.17290774404178,2.1143345761959087,coca,cana
32765,10966.0,10090.0,9358.0,9267.0,14638.0,16910.0,12504.0,-75.29755353211199,1.7538829369668583,coca,cana
32874,10536.0,9645.0,9235.0,8001.0,15848.0,10132.0,6960.0,-72.47337614181643,2.121634838536203,coca,cana
33021,11396.0,10565.0,10866.0,9525.0,27717.0,17323.0,10563.0,-72.51088582095664,2.176741202480661,coca,cana
33091,10571.0,9688.0,9504.0,8177.0,21262.0,12876.0,8313.0,-72.58572112350947,1.8800636351549451,coca,cana
33105,11026.0,10211.0,9893.0,9330.0,20922.0,15261.0,9819.0,-72.36814059764652,2.116442411936651,coca,cana
33152,9974.0,8880.0,7909.0,6943.0,12312.0,7423.0,6570.0,-71.81133333986425,1.6030760828013466,coca,cana
33161,10469.0,9547.0,8548.0,8813.0,9512.0,18540.0,16034.0,-75.9132945531825,1.4232741821904318,coca,cana
33196,10099.0,9169.0,8376.0,7198.0,20057.0,11181.0,7268.0,-72.3846480196283,1.7168214007787472,coca,cana
33433,10819.0,9930.0,9562.0,8644.0,19779.0,13347.0,8743.0,-72.43566739928168,2.1878667941530145,coca,cana
33537,11686.0,10758.0,10285.0,10086.0,3444.0,1780.0,3209.0,-75.24556921175024,1.183376002514283,coca,cana
33730,11991.0,11174.0,10831.0,11131.0,18450.0,20240.0,15281.0,-75.38674646112116,1.271568689687262,coca,cana
33748,9963.0,9002.0,8273.0,7166.0,18277.0,10381.0,6993.0,-71.90206753685764,1.5247564687300468,coca,cana
33826,10695.0,9860.0,9529.0,9199.0,17289.0,16388.0,10968.0,-72.49340066718226,1.984056385155853,coca,cana
33922,10109.0,9138.0,8794.0,7658.0,17074.0,10962.0,7169.0,-72.08711601096624,1.4029018611511839,coca,cana
33973,22567.0,22728.0,22252.0,23056.0,32911.0,28254.0,23941.0,-72.12865032006731,1.3559220232207814,coca,cana
34162,14900.0,14154.0,14084.0,13886.0,21648.0,19160.0,13915.0,-72.73347827217222,1.9372156447959814,coca,cana
34174,11511.0,10621.0,10327.0,10056.0,21504.0,18267.0,12360.0,-75.14444145805551,1.0605667396896643,coca,cana
34199,11728.0,10801.0,10263.0,9988.0,3848.0,2528.0,3752.0,-75.21981625707036,1.174692856703947,coca,cana
34435,34332.0,35641.0,35164.0,37334.0,43453.0,31834.0,22420.0,-71.515177295117,2.198597004706811,coca,cana
34564,10143.0,9319.0,9187.0,8987.0,18111.0,15746.0,10216.0,-72.40955361560552,1.9183110721588292,coca,cana
34619,9648.0,8622.0,7978.0,6990.0,13753.0,9267.0,6712.0,-71.90534267706636,1.4940004886455962,coca,cana
34701,9900.0,8922.0,8139.0,7297.0,8435.0,6358.0,5560.0,-71.8449348976088,2.2246741145878053,coca,cana
34880,14251.0,13410.0,13463.0,12961.0,23509.0,20359.0,15109.0,-72.62750719792574,1.8711722588668707,coca,cana
34893,11640.0,10648.0,9675.0,9524.0,12003.0,17106.0,15248.0,-74.28576649106293,1.8993732899827984,coca,cana
35054,10804.0,10097.0,10528.0,9846.0,24259.0,17552.0,10867.0,-72.4984220464516,2.13401339437848,coca,cana
35066,11875.0,11001.0,10025.0,9475.0,14961.0,12512.0,9897.0,-71.6391027526862,2.180729649590609,coca,cana
35087,12166.0,11261.0,10872.0,11252.0,9731.0,6117.0,5545.0,-75.48547433521036,0.4679100504065108,coca,cana
35369,10355.0,9430.0,8919.0,8066.0,21376.0,13317.0,8579.0,-72.1326011699682,1.3167562300731277,coca,cana
35467,10646.0,9785.0,9093.0,7933.0,5383.0,4087.0,4570.0,-71.81508729516523,1.4300509950526918,coca,cana
35564,12361.0,11410.0,10230.0,9821.0,12243.0,11926.0,11386.0,-76.14769873203781,0.4394748748741373,coca,cana
35619,10899.0,10099.0,9621.0,9524.0,16241.0,15912.0,10708.0,-72.69652338438424,2.0540509009772743,coca,cana
35738,11317.0,10326.0,9520.0,9227.0,12872.0,15136.0,13208.0,-75.4364343402368,0.798763479955882,coca,cana
36070,10164.0,9209.0,9197.0,8181.0,21631.0,13603.0,8556.0,-72.5443399958403,2.0719909602223407,coca,cana
36181,9770.0,8762.0,8085.0,6981.0,21081.0,12393.0,8282.0,-72.12758238019455,1.3479240357839302,coca,cana
36243,10102.0,9286.0,8315.0,8566.0,0.0,2091.0,4043.0,-71.67204437177917,2.263986804131479,coca,cana
36424,9975.0,8974.0,8301.0,7079.0,18939.0,10028.0,6844.0,-71.91677327332351,1.5044510425992632,coca,cana
36666,11423.0,10782.0,11006.0,11394.0,17252.0,17794.0,13728.0,-72.47631661491263,2.136552993281155,coca,cana
36709,22201.0,22220.0,22034.0,22647.0,30289.0,28605.0,21804.0,-72.68172673098977,2.0339610962990227,coca,cana
36724,9625.0,8750.0,8776.0,7936.0,25072.0,16667.0,9728.0,-72.39591250182922,2.1880690188416843,coca,cana
36734,21990.0,21757.0,20074.0,20093.0,26966.0,21772.0,19173.0,-75.53493583605041,1.8504499436159894,coca,cana
36801,35189.0,36208.0,35051.0,36617.0,41302.0,29153.0,20921.0,-71.51469568615538,2.2317825266628986,coca,cana
36943,11654.0,10730.0,10244.0,10032.0,928.0,616.0,2356.0,-75.10588601706326,1.177006589964701,coca,cana
36983,12204.0,11275.0,10820.0,11185.0,9368.0,5943.0,5464.0,-75.48507002611443,0.46926712574700036,coca,cana
37001,26267.0,26709.0,25628.0,26769.0,32533.0,29298.0,23555.0,-75.6523379235786,1.6653161883906002,coca,cana
37013,9519.0,8471.0,7710.0,6648.0,16013.0,8771.0,6395.0,-71.86109341842807,1.5528815322495062,coca,cana
37027,8345.0,7574.0,7072.0,6091.0,15400.0,10018.0,6295.0,-75.49467957145288,0.8586024479933569,coca,cana
37404,9951.0,8979.0,8025.0,7036.0,17875.0,9848.0,6813.0,-72.18633645262189,1.5366708459342344,coca,cana
37487,14841.0,14292.0,13703.0,13396.0,25274.0,20229.0,15529.0,-71.81537851277035,1.5992884797739317,coca,cana
37548,10226.0,9289.0,8695.0,7873.0,16394.0,12089.0,8355.0,-72.50906806940135,1.4334913607578466,coca,cana
37649,27435.0,27983.0,27941.0,29062.0,35653.0,30255.0,24940.0,-71.55045007112997,2.1419213587489563,coca,cana
37776,33733.0,34945.0,35515.0,37753.0,44378.0,41240.0,32583.0,-75.51294997631318,1.8406858725635908,coca,cana
38020,10177.0,9155.0,8200.0,7625.0,12603.0,11596.0,9686.0,-75.9354184895799,1.4543384205338894,coca,cana
38041,10697.0,9739.0,9399.0,7898.0,20902.0,11239.0,7586.0,-72.52610182066411,2.1847656649339986,coca,cana
38214,10826.0,10070.0,9824.0,9186.0,18038.0,14276.0,9521.0,-72.51212092140912,2.163185319106489,coca,cana
38352,9828.0,8857.0,8439.0,7597.0,19690.0,13483.0,8583.0,-71.66902296216605,1.4283519117996872,coca,cana
38702,12332.0,11503.0,11073.0,11152.0,10441.0,12880.0,11044.0,-75.15739921704082,1.3196338215300245,coca,cana
38799,14638.0,14047.0,13348.0,13093.0,20030.0,16371.0,12520.0,-75.41307262342606,-0.07748821393227781,coca,cana
38842,9594.0,8575.0,8165.0,6739.0,19620.0,10245.0,6686.0,-71.88767578233808,1.5137594533060708,coca,cana
38996,10362.0,9409.0,8875.0,8132.0,16883.0,12052.0,8100.0,-71.89148698294541,1.1603596940453822,coca,cana
39181,15350.0,14663.0,14486.0,14008.0,25296.0,20706.0,15729.0,-72.52323411833316,1.8536728457213263,coca,cana
39286,11480.0,10483.0,9669.0,8942.0,14975.0,14199.0,11983.0,-75.35044021048218,0.9625699084889907,coca,cana
39330,14039.0,13377.0,12920.0,12805.0,17758.0,16906.0,12637.0,-72.12770396078972,1.359038254910959,coca,cana
39357,31167.0,31771.0,31428.0,32802.0,38667.0,37047.0,30728.0,-75.52993041682731,1.7977988877669502,coca,cana
39507,10932.0,10070.0,9465.0,9169.0,15502.0,14135.0,9827.0,-72.43473970020152,2.1786463556165026,coca,cana
39711,10735.0,9863.0,9515.0,8424.0,21084.0,12226.0,8163.0,-72.45423334353087,2.2064721493503807,coca,cana
39751,11254.0,10527.0,10792.0,10302.0,21538.0,18079.0,11729.0,-72.57613113843921,2.1673571476673508,coca,cana
39851,10896.0,10052.0,10055.0,9363.0,22880.0,16255.0,10152.0,-72.52941640129517,2.217988517144205,coca,cana
40279,9859.0,9084.0,9763.0,8262.0,18889.0,12173.0,8060.0,-71.79907019342173,1.4270476413190523,coca,cana
40359,32036.0,32646.0,33478.0,34808.0,40349.0,33634.0,25983.0,-71.51934701464295,2.2005031886224193,coca,cana
40400,10105.0,9356.0,9399.0,9835.0,16829.0,20392.0,13407.0,-72.36004570238846,1.8690253463188196,coca,cana
40540,9512.0,8481.0,7595.0,6712.0,11443.0,7106.0,5676.0,-71.73480117278284,1.1511042172542019,coca,cana
40553,10570.0,9747.0,9465.0,8767.0,18463.0,14057.0,9063.0,-72.55256493223952,1.979400109738277,coca,cana
40573,8293.0,7505.0,6856.0,5940.0,15578.0,9176.0,6053.0,-72.36978702641302,2.2543140259650905,coca,cana
40605,12539.0,11632.0,10390.0,9986.0,13115.0,13720.0,12665.0,-76.00751325488476,0.32728082764909444,coca,cana
40698,13084.0,12622.0,13199.0,14224.0,22678.0,25292.0,21221.0,-75.26916286944079,1.1696673294066764,coca,cana
40717,11464.0,10451.0,9318.0,8933.0,9175.0,13767.0,13366.0,-75.33062016937315,0.9433014986504945,coca,cana
40772,10701.0,9822.0,9454.0,8573.0,18867.0,14959.0,10070.0,-75.31575775259222,1.74098783134269,coca,cana
40856,9646.0,8604.0,7139.0,6924.0,0.0,2717.0,4639.0,-71.82208936731516,1.429247776565911,coca,cana
40988,12985.0,12270.0,11563.0,11454.0,15168.0,14829.0,12348.0,-75.4773859262694,0.4626181190797068,coca,cana
41112,11893.0,11167.0,10183.0,9516.0,16929.0,12264.0,8759.0,-71.93674820167558,1.5664091829935018,coca,cana
41124,10591.0,9783.0,9326.0,8933.0,16676.0,15376.0,10318.0,-72.49448377974805,1.9806685919882978,coca,cana
41382,9784.0,9102.0,10669.0,8522.0,24340.0,6845.0,5113.0,-71.860140318345,1.366562123768436,coca,cana
41389,11740.0,10794.0,10753.0,10481.0,19908.0,21065.0,15190.0,-75.25649081793497,1.1888033179809825,coca,cana
41409,11017.0,10289.0,9754.0,9480.0,17745.0,17308.0,11551.0,-72.47822293124337,2.124489890260334,coca,cana
41475,10815.0,10039.0,9645.0,9083.0,18657.0,14165.0,9369.0,-72.74579200318495,2.0006942028691634,coca,cana
41487,9071.0,8178.0,8291.0,7906.0,22744.0,22870.0,14026.0,-72.10478844507305,1.5848114202268166,coca,cana
41792,10040.0,9070.0,8500.0,7293.0,19370.0,10432.0,6861.0,-72.51162736133779,1.4337653228283909,coca,cana
41833,9211.0,8437.0,8087.0,7380.0,16678.0,13505.0,8708.0,-75.95183678869174,1.3797019896591063,coca,cana
41907,10206.0,9410.0,9576.0,8070.0,29218.0,12982.0,8019.0,-71.94841085018982,1.5086968143142008,coca,cana
42029,24521.0,24675.0,24849.0,25482.0,31780.0,27285.0,22909.0,-71.52858874755822,2.163273985500037,coca,cana
42124,10414.0,9574.0,8942.0,9665.0,12518.0,18006.0,13999.0,-71.9034915607477,1.25915960062794,coca,cana
42140,10191.0,9203.0,8877.0,7732.0,19233.0,11846.0,8020.0,-72.0981509695629,1.409150230307642,coca,cana
42627,10559.0,9678.0,9300.0,8730.0,18568.0,12845.0,8566.0,-72.51993668091029,1.9910112366447459,coca,cana
42660,9894.0,9089.0,8952.0,8590.0,16445.0,14481.0,9505.0,-71.87710523354436,1.3660423762068428,coca,cana
42661,29687.0,29696.0,30547.0,31643.0,34155.0,25027.0,18694.0,-71.52332266336414,2.2278748332510587,coca,cana
42824,10194.0,9277.0,8453.0,7868.0,12735.0,11757.0,9050.0,-72.52589554811003,1.4446274246781845,coca,cana
42953,10443.0,9530.0,9424.0,8546.0,19659.0,16012.0,10568.0,-72.548275166803,2.054371277877124,coca,cana
43111,11366.0,10306.0,9002.0,8649.0,7411.0,9326.0,10078.0,-74.4738201957185,1.1377403791081682,coca,cana
43187,14144.0,13488.0,13438.0,12951.0,23489.0,18755.0,14086.0,-71.83273707375676,1.6062260466386258,coca,cana
43346,10070.0,9116.0,8358.0,7374.0,18799.0,10726.0,7209.0,-72.45984069993985,2.237392624878344,coca,cana
43425,10619.0,9770.0,9112.0,8221.0,16264.0,10849.0,7675.0,-72.45464870404075,2.11902805114291,coca,cana
43430,11793.0,10898.0,10773.0,10443.0,20858.0,19704.0,13732.0,-75.27994239371965,1.1001840070147553,coca,cana
43451,26068.0,26230.0,25673.0,25900.0,33106.0,28081.0,23114.0,-72.75871302004933,1.912569519227365,coca,cana
43493,11312.0,10350.0,9650.0,9301.0,14097.0,17704.0,14647.0,-75.32668982413699,0.6870866647451191,coca,cana
43528,10762.0,9917.0,9805.0,8615.0,21668.0,11497.0,7149.0,-72.4458595170019,2.2171679213901863,coca,cana
43603,10578.0,9707.0,9139.0,8173.0,20731.0,12427.0,8150.0,-72.23708406896225,2.1648752614003706,coca,cana
43680,9861.0,9104.0,9596.0,9037.0,23814.0,16297.0,10367.0,-72.40506163958071,2.196490190922601,coca,cana
43754,9046.0,8098.0,7242.0,5915.0,21875.0,13808.0,9149.0,-72.42365568514438,1.8577325212002576,coca,cana
43957,9689.0,8862.0,8505.0,9002.0,16917.0,19377.0,12705.0,-71.99202766006219,1.1902838226487695,coca,cana
44003,11020.0,10285.0,9752.0,9719.0,16184.0,16287.0,10934.0,-72.4734868240545,2.1364127373458617,coca,cana
